0,1,2,3,4,5,6,7,8,9,10,11,12,13,14,15,16,17,18,19,20,21,22,23,24,25,26,27,28,29,30,31,32,33,34,35,36,37,38,39,40,41,42,43,44,45,46,47,48,49,50,51,52,53,54,55,56,57,58,59,60,61,62,63,64,65,66,67,68,69,70,71,72,73,74,75,76,77,78,79,80,81,82,83,84,85,86,87,88,89,90,91,92,93,94,95,96,97,98,99,100,101,102,103,104,105,106,107,108,109,110,111,112,113,114,115,116,117,118,119,120,121,122,123,124,125,126,127,128,129,130,131,132,133,134,135,136,137,138,139,140,141,142,143,144,145,146,147,148,149,150,label
7,-20,3,-5,13,3,6,1,0,-2,-1,0,1,0,-2,0,0,2,-2,-2,-3,-1,-1,-2,-2,1,0,-2,0,-7,0,2,-5,-5,-22,11,7,-1,3,-29,-17,33,-5,-5,35,-10,75,88,13,-182,58,-38,-44,302,-58,69,291,-246,-119,64,26,186,-265,-102,-15,-18,-6,1,0,-4,-2,0,0,3,2,2,2,0,0,1,2,-1,0,0,3,-7,1,-7,-1,0,11,-12,5,-1,15,2,16,-10,3,-13,41,26,11,-14,-34,-60,-9,42,-37,-10,-28,-7,-17,-3,8,-13,-18,-15,-16,4,7,4,6,4,4,0,1,0,-2,0,0,0,0,0,2,-2,2,0,2,1,0,1,0,2,5,6,-1,3,0,7,3,bird
5,-1,-2,0,0,4,2,8,-16,3,5,4,-11,-1,16,14,-7,298,-35,-31,2,15,7,-2,96,20,-10,2,51,72,55,-53,-487,-13,-119,-819,-778,-45,7,-3,-9,0,6,-7,-32,-24,-20,-1,31,48,-102,-129,137,-184,-109,-24,0,6,-3,6,-9,13,9,-4,-3,-13,0,37,-13,7,15,-2,20,36,7,0,-3,0,4,2,-3,-5,9,-9,11,30,36,1,32,-18,-13,40,-7,3,0,0,-1,-3,2,6,1,2,-2,32,-22,9,-8,5,-16,1,1,5,-3,0,3,3,-8,0,-1,3,0,3,9,-3,-2,0,0,-1,2,-2,0,0,0,0,0,0,2,0,3,2,1,0,-2,-1,0,-3,2,-1,0,-2,-1,bird
-52,35,52,-58,-29,-16,-39,18,95,10,-24,18,0,24,78,-40,-8,36,-22,-11,6,37,8,29,-19,-2,11,9,14,-23,-9,-1,-18,0,5,-3,-9,-12,-5,2,7,-5,10,9,21,7,0,6,1,8,-1,0,-1,5,3,-2,0,7,-1,0,5,-4,0,1,-3,2,-1,0,-5,5,0,-2,0,-4,-2,2,4,4,3,-1,-8,-7,0,-18,-18,-12,-11,21,5,-5,22,2,-3,-2,-35,1,-28,11,-32,-57,26,15,-53,22,-37,31,-1,-50,13,106,-18,107,-30,26,125,-20,-14,-32,24,-2,-15,-6,1,4,-3,0,-1,0,-2,1,0,2,-7,-1,-4,-4,-1,-1,0,0,4,2,0,0,1,-1,2,1,-4,1,4,bird
-43,56,31,12,9,13,-12,-4,0,14,20,-9,0,3,-16,-12,4,-25,-5,-13,-13,5,11,8,0,13,-25,-25,38,42,-39,77,118,-51,-110,80,-159,262,-37,-5,5,-1,4,1,-6,-2,-18,-3,-11,8,21,-15,-19,25,2,10,4,5,23,-2,-16,0,3,-5,6,-8,-5,6,0,20,25,8,-109,48,4,-15,9,1,-7,-13,0,-6,2,-11,-7,14,10,4,0,-1,6,2,2,-6,-4,0,1,-1,0,2,5,-1,6,-4,8,-1,-19,-30,21,51,-26,-73,-14,-11,-8,-6,-3,1,-3,-7,0,5,2,2,0,4,0,0,-5,-2,0,3,5,0,5,0,0,-4,2,6,4,-8,0,21,11,1,-32,0,-7,-23,5,bird
0,0,2,-1,-2,-1,0,0,0,0,0,0,1,0,0,1,0,0,0,0,1,0,0,0,0,1,0,0,0,0,1,0,0,0,0,0,0,0,0,0,0,0,0,0,0,-1,-3,-6,5,-12,6,-11,6,8,0,13,-12,-23,-32,-55,-28,-65,-44,112,92,-53,20,0,82,-18,8,44,-5,13,-22,-30,-1,50,-16,31,11,104,-1,47,-17,-12,24,64,28,-6,-19,2,-3,4,-4,11,-4,-4,-3,-6,-5,15,4,34,15,-74,35,-83,72,-112,-41,6,40,-40,15,31,14,103,-5,-19,-3,4,-1,0,0,1,0,0,0,0,0,0,0,0,0,0,0,0,0,0,0,0,0,0,0,0,0,0,0,0,0,bird
7,-98,-62,-11,-100,-1,28,-24,35,7,4,-4,17,4,0,15,-14,33,-16,-7,-4,-13,-27,11,-15,19,8,41,-4,-2,55,14,38,-59,30,49,-44,1,-17,-109,-69,-28,-70,5,-21,-22,-26,0,-22,4,29,-24,-18,17,-3,14,-12,3,12,-31,-5,-2,5,2,8,9,0,0,-1,0,0,0,0,0,0,-1,0,0,2,0,0,0,0,0,0,-2,0,-1,0,0,0,2,0,0,1,-1,0,0,0,0,0,1,-1,0,1,0,0,-2,2,1,1,3,2,0,0,0,-2,0,3,0,1,-3,1,0,1,-2,0,0,0,0,0,0,0,0,0,0,0,0,0,0,0,0,0,0,0,0,0,0,-1,0,0,bird
23,-45,-19,-10,-3,-2,-78,373,-151,1049,7,28,-46,-21,26,-12,6,13,11,-1,-11,-9,15,0,-27,-6,-4,2,0,10,2,6,4,8,-4,5,0,-3,-2,-5,0,-2,9,4,1,6,14,-5,8,-9,-1,-33,1,-13,-5,3,-3,11,-5,-11,3,5,11,25,-9,-1,35,2,17,1,12,0,4,19,13,-8,1,-2,-2,-5,-10,-16,-4,-6,13,6,-6,7,13,-8,-8,0,1,14,-13,-8,6,5,-19,0,2,5,6,0,-1,11,0,-6,-1,2,5,-10,-5,1,-2,-2,1,0,17,-14,-23,-26,-15,-3,-4,-5,0,-2,9,-4,-1,3,2,-1,14,-5,0,0,3,3,2,0,-5,-1,0,-7,-1,0,1,-6,1,bird
0,0,0,0,0,0,0,0,0,0,0,0,0,0,0,0,0,0,0,0,-1,4,0,2,-1,-2,1,-3,1,1,-2,-4,2,-4,-3,-16,7,-1,0,4,-7,4,5,-2,-1,12,-5,-10,-2,9,25,-5,-4,-12,5,-6,4,90,18,-84,-57,-59,-6,-51,9,13,-25,51,68,92,-8,-58,12,-3,-27,-9,-1,-18,-26,-3,-65,-3,34,-38,20,0,-46,-10,3,21,21,-11,-15,-12,30,-27,7,-4,-7,-24,9,46,18,-2,32,22,26,-20,-3,0,-2,-7,4,7,12,2,8,0,7,5,-1,-5,0,2,0,-1,1,2,-2,0,6,-3,6,0,-1,0,2,0,2,1,0,0,2,1,0,0,1,0,0,1,0,bird
0,0,0,0,0,0,-2,0,-1,-1,0,0,0,-1,-1,0,0,0,0,2,-1,1,3,0,0,1,9,1,4,-1,4,-4,-8,-1,-1,1,7,-2,11,13,-12,1,-3,6,9,-7,21,-10,-28,5,-13,2,-85,-16,14,1,-21,-9,4,4,27,-30,-23,4,57,0,-11,21,-19,-25,18,8,6,-30,-87,-65,-58,-16,57,-8,23,22,48,-5,-7,70,-5,-4,-37,40,-13,-114,55,6,-6,-29,73,-19,-14,-115,-32,46,-50,46,-80,-50,-1,23,-25,-8,11,19,5,14,25,13,-16,5,0,-12,2,-20,5,0,1,-3,7,-7,4,3,0,11,2,4,-9,8,0,5,-6,-3,4,2,6,-2,1,1,1,-9,-1,-3,0,bird
0,1,-22,-3,10,-3,3,5,1,2,-8,0,-3,-1,1,-1,1,-6,0,6,9,5,5,-11,-2,0,0,2,10,9,-4,-8,-11,-4,41,-19,-6,7,-2,4,5,1,-3,2,2,0,7,-8,-1,1,0,0,4,4,1,-14,-20,14,5,2,-1,92,32,127,-37,76,-59,17,-82,70,-42,-6,6,-7,-1,4,-9,-7,0,1,0,-1,14,2,8,-5,9,-4,3,-5,12,-2,-3,-2,-5,-4,0,-3,15,-4,3,-6,-15,12,39,0,1,0,-1,0,-1,0,-1,2,0,1,0,-2,0,-1,-1,0,2,-1,5,0,0,0,3,2,0,0,0,0,0,-1,0,0,-1,0,1,0,-1,0,0,0,0,0,0,0,0,bird
624,-280,-34,-10,-33,4,-3,6,35,10,0,0,-5,-3,-1,7,-38,-10,7,-13,5,33,-205,-10,54,-17,-21,-19,-13,-7,-2,-6,-3,-15,-8,2,0,0,3,0,0,-6,-4,4,-1,4,6,0,0,3,3,0,0,-2,4,-7,-3,-1,-1,-1,0,-1,-1,0,1,-2,-3,-3,2,1,1,0,-1,1,1,3,-1,3,7,2,0,-1,-1,-1,1,-2,0,0,2,-4,-7,0,0,-1,2,0,0,1,0,0,9,2,0,-1,1,2,0,0,-3,0,-2,1,1,-2,0,1,0,0,-1,0,0,0,1,-5,-1,0,0,0,1,0,0,-1,0,1,2,0,0,0,0,0,0,0,0,0,0,-3,1,0,0,0,0,bird
-158,46,7,-4,7,0,5,-6,3,-4,4,0,-1,0,0,0,-1,0,0,3,0,-1,1,1,0,0,4,0,1,0,0,0,0,1,-1,0,0,0,0,-5,0,4,-4,3,-18,9,0,-16,19,-2,20,-7,-36,-28,-54,22,-1,1,0,39,-43,71,13,10,14,12,11,-42,24,-4,81,56,1,115,-148,-78,55,37,109,-7,-19,-108,-33,74,61,92,-39,151,-101,-67,-7,89,-6,44,-78,-75,80,-38,-13,-2,3,5,-7,-2,-2,-17,-5,14,-1,-22,-31,18,2,-6,8,4,8,-7,2,-3,3,-1,-4,3,-3,2,0,0,-1,0,0,0,0,0,-1,0,0,0,-1,0,0,0,0,0,0,0,-1,0,0,0,0,bird
0,-12,3,14,20,45,-62,-511,757,-19,-83,26,-37,-8,21,16,-10,-43,5,-26,17,-5,2,18,-7,-16,-9,20,8,6,-3,0,-2,-9,7,0,6,1,0,0,3,-3,3,1,-2,-9,2,2,-6,-1,0,5,5,0,-1,2,-4,5,2,-1,6,1,-1,-3,2,-4,1,0,1,1,3,-1,1,3,0,-1,4,-1,-1,-4,-1,3,0,2,4,1,-2,1,1,0,-8,-1,-1,4,4,-1,1,-6,0,-2,4,2,7,-2,-5,2,-2,1,-1,1,0,0,-1,3,3,3,2,1,1,0,3,0,0,0,2,0,-1,1,-1,1,-2,-1,-1,2,0,2,-3,3,-1,-2,1,-1,0,2,0,2,-1,0,0,0,0,bird
2,6,-26,5,-1,-3,3,-9,11,-9,3,-8,-1,8,-2,-20,-3,20,-25,44,-8,24,-8,-135,-36,-1,16,3,10,24,-29,-9,-40,5,-43,-26,-37,-68,-74,3,123,-97,157,120,-43,-167,-46,37,-114,-15,-48,2,12,0,-1,5,-7,2,30,20,3,10,4,-3,-13,23,-14,-8,4,-30,1,-12,-9,-25,4,-4,6,3,4,4,0,-1,-3,3,-4,-3,-7,1,5,16,-20,7,14,6,10,-6,-7,-9,20,35,-20,-10,-8,13,9,1,2,-6,4,10,-1,14,-4,-7,3,-4,2,-13,-6,-2,6,4,-6,-9,-2,0,5,11,-6,7,0,0,0,0,-1,-5,8,-1,-8,-10,1,-1,8,-7,6,3,1,3,-5,2,-1,bird
0,0,0,0,0,0,0,0,0,0,0,0,0,0,0,0,0,0,0,0,0,0,0,0,0,0,0,0,0,0,0,0,0,0,0,0,0,0,0,0,0,0,0,2,1,-2,-5,-1,21,87,41,-35,-8,-3,-44,8,-113,92,-82,124,28,-5,3,0,-2,0,0,0,0,3,0,-1,0,0,0,-1,0,0,0,0,0,0,1,0,0,0,0,0,0,0,0,0,0,0,0,0,0,0,0,1,1,0,1,0,0,0,0,0,0,0,0,0,-1,0,0,-3,-1,-3,1,3,3,1,0,0,0,0,0,0,0,0,0,0,0,0,0,0,0,0,0,0,0,0,0,0,0,0,0,0,0,0,0,bird
-489,-7,36,-22,-10,-34,41,4,17,1,7,3,-1,-6,1,2,6,3,-6,-9,2,6,2,-2,3,-2,-1,-3,6,-6,3,4,0,1,-3,-2,3,3,0,1,2,2,-1,0,10,-106,170,12,-82,147,138,29,-62,-78,42,-51,37,-52,32,-14,-21,-66,35,41,17,0,9,-5,52,14,-6,-6,0,0,0,0,-1,0,0,0,0,-2,0,0,0,0,1,1,0,0,0,0,1,0,0,0,0,-2,1,2,-3,0,-2,0,-2,0,-2,0,0,-2,0,0,0,0,0,0,2,0,0,0,0,0,-1,0,0,0,0,0,0,0,0,0,0,-1,0,0,0,0,0,0,0,0,0,0,0,0,0,0,0,0,0,bird
0,0,-4,28,24,73,82,-40,35,5,19,-8,15,-1,3,15,13,7,17,23,4,-8,17,9,5,3,0,4,23,-5,5,2,-1,-10,8,0,-23,-7,6,-47,24,7,-11,-6,-3,-2,-8,10,-26,40,16,-14,4,31,6,10,12,10,1,-1,-1,0,-5,3,-8,0,-1,8,12,4,1,3,-2,5,-1,-4,1,-3,0,-4,5,2,2,-6,8,1,-4,7,3,-1,0,-5,3,6,9,-2,-5,1,2,5,5,0,-3,0,-4,0,-5,-2,-8,6,1,6,-6,9,4,-3,-8,-8,-4,3,-1,-2,0,0,0,-1,7,-4,4,-1,0,-1,-3,8,-7,-1,0,0,5,1,-4,1,-3,5,6,0,-4,-5,3,1,-2,cat
139,76,23,-24,32,21,70,-22,7,4,0,-24,3,6,-15,-8,4,-6,2,-4,6,34,-3,-35,0,-5,35,-29,-3,13,59,-3,-17,-11,13,-23,10,11,4,2,51,5,16,13,-26,-24,1,-21,-8,11,23,89,54,80,14,-24,-14,-1,11,-5,-17,-6,-5,32,-6,10,0,13,4,0,4,-8,-12,8,-7,29,1,-6,-1,6,10,2,-12,7,-4,-4,-5,7,-2,-5,-5,-2,2,-4,-3,3,-5,-9,1,5,-6,-2,0,-6,-2,-14,-1,10,-9,4,1,4,3,-4,1,1,-3,3,-1,-1,0,-3,0,-1,1,0,-3,0,2,2,0,2,-1,3,0,0,1,1,0,-1,-1,0,0,0,0,1,0,0,-1,1,1,cat
42,42,6,10,-2,14,29,64,1,-3,-69,0,28,-5,75,80,-33,26,-79,-93,-41,44,-32,-87,215,-75,135,40,-92,-54,21,-115,108,37,14,90,2,-121,4,32,16,53,-25,3,8,-26,-19,11,15,-16,-25,7,-2,-7,-5,2,-3,-2,0,0,6,0,0,0,-1,2,0,-2,1,1,7,0,0,0,3,-5,0,3,1,0,-1,4,9,4,0,-3,1,-1,3,0,3,1,2,-1,-1,-2,0,0,-2,0,1,2,0,-1,0,0,1,0,0,2,3,0,0,2,2,-1,0,0,0,0,1,0,0,0,-1,0,2,0,0,0,0,0,0,0,-1,-1,0,0,0,0,0,0,0,0,-1,0,0,-3,0,0,0,cat
0,0,0,0,0,0,0,0,-33,1,33,-11,0,-1,0,37,22,-49,-54,-27,-4,-97,15,1,4,7,7,-28,8,-3,-18,8,73,11,23,2,43,-9,-5,0,6,1,2,-10,-19,-6,1,-1,0,0,0,0,1,-3,2,10,20,0,0,7,-36,24,5,2,1,0,0,-2,1,1,0,1,-5,0,0,0,0,0,0,1,0,0,0,0,0,0,0,0,0,0,0,0,0,0,0,0,0,0,0,0,0,0,0,0,0,0,0,0,0,0,0,0,0,0,0,0,0,0,0,0,0,0,0,0,0,0,0,0,0,0,0,0,0,0,0,0,0,0,0,0,0,0,0,0,0,0,0,0,0,0,0,cat
-1,-1,-10,1,-10,-18,-1,55,-16,13,-10,-5,-12,3,693,-68,8,0,2,16,5,-62,-17,8,-25,17,7,116,-55,-107,40,7,4,1,-12,30,-22,-9,-14,10,3,-4,10,-4,3,2,2,2,-1,-1,-1,0,-2,-2,1,1,1,0,2,-5,0,3,1,2,0,2,0,2,-1,0,0,3,0,-2,-1,1,-2,-7,8,0,0,-2,4,0,0,1,1,2,0,0,-2,2,1,0,0,-3,0,0,2,-1,-4,4,1,0,0,-3,3,-1,1,0,0,0,0,0,2,0,0,-1,0,1,2,-1,0,0,1,0,0,0,0,0,0,0,1,0,0,1,0,0,0,0,-1,0,0,0,0,0,0,0,0,0,0,cat
-3,-2,-2,1,0,0,1,-6,-14,-14,-18,5,48,18,20,11,1,-4,-21,-23,0,2,-2,9,13,49,-2,-27,93,147,34,-8,-2,6,13,44,-18,16,68,2,-22,8,7,2,11,56,5,-5,-12,-6,-3,11,-33,15,-10,24,-2,15,8,-10,-12,-5,-1,2,0,3,0,2,-1,-3,-2,2,0,0,0,-2,0,0,0,0,0,0,0,-1,2,0,0,0,0,0,0,0,0,0,0,0,0,0,0,0,0,0,0,0,0,0,0,0,0,0,0,0,0,0,0,0,0,0,0,0,0,0,0,0,0,0,0,0,0,0,0,0,0,0,0,0,0,0,0,0,0,0,0,0,0,0,0,0,0,0,0,cat
0,0,7,2,1,0,-1,-4,-7,0,3,-3,47,70,-40,208,126,-270,69,-20,-35,3,-41,37,-251,153,80,-55,-11,-272,50,16,-53,68,89,2,30,-71,74,20,-4,2,7,16,-10,-16,-2,-1,-1,0,-1,0,0,0,-1,0,0,-1,0,0,0,0,0,0,1,-4,-2,0,0,0,0,0,0,0,-1,-3,-1,0,0,0,0,0,0,0,0,0,0,0,0,0,0,0,0,0,0,0,0,-1,1,0,0,-1,-1,0,0,0,-1,0,-3,0,0,0,0,0,1,-1,0,0,0,-1,0,0,1,0,0,0,0,0,0,0,0,0,0,0,0,0,0,0,0,0,0,0,0,0,0,0,0,0,0,0,0,cat
-26,8,49,-1,28,39,12,9,-159,-23,21,19,-25,-173,1,-26,-43,-25,24,-3,2,-15,2,-23,7,2,11,7,4,-25,-52,73,17,-48,-1,-5,3,0,4,4,0,1,-1,7,7,0,4,0,-3,1,15,0,0,-3,14,-9,24,2,0,0,-2,-3,-3,0,0,-1,-9,-11,11,0,-5,9,-4,7,3,4,-1,-2,0,0,0,0,0,-12,0,-1,-1,0,2,-2,1,0,-2,5,3,0,1,2,-2,-2,-1,0,0,4,-3,0,-3,0,6,0,-6,-4,0,-2,-2,-5,-1,0,-1,-1,-1,13,1,-4,-1,0,0,0,6,-4,0,1,-6,-1,0,0,-2,-1,0,-1,1,0,3,0,-1,-1,0,0,-2,-1,2,cat
-137,99,-1,1,-42,-11,-20,-119,13,14,30,6,8,-2,-69,-28,-19,-10,23,4,15,-3,-34,-5,-4,7,0,5,-16,-27,-6,-20,6,26,8,-56,7,126,-48,-22,2,-34,-6,18,25,-9,5,43,-34,-30,-20,11,0,-39,-2,-27,1,-6,3,15,19,10,-1,5,-3,17,-7,16,0,0,3,0,0,-6,-11,-1,1,9,-3,14,-11,-4,-7,-1,1,-9,-8,3,-2,-1,-15,-4,-10,4,1,5,-14,-2,0,15,3,-3,-18,3,0,-9,6,-1,0,-4,6,0,0,-1,-6,0,0,0,2,0,-4,0,1,-5,1,0,-1,-3,3,2,0,1,1,2,-2,0,0,1,0,3,-1,-1,-2,0,0,0,-2,-2,-1,0,-3,cat
-1,0,0,2,6,-1,1,-2,-26,4,-3,-5,-7,-8,2,-10,44,-80,-24,-20,-10,-56,-14,-9,1,-19,-51,8,-6,8,5,17,4,1,-21,15,3,16,45,-27,38,12,22,-16,48,-3,-1,-11,-9,-1,5,4,-6,4,3,2,1,3,-1,0,-1,-3,0,0,2,0,-3,2,2,-3,2,3,3,0,0,-3,5,5,3,-2,0,1,-5,-4,3,0,0,0,-1,-1,-1,-5,0,-3,-2,6,-6,-5,7,4,3,-8,5,0,0,0,3,-2,0,0,0,1,0,1,0,0,0,0,0,0,-2,0,0,0,0,0,0,0,1,0,0,0,-1,0,0,0,0,0,1,0,0,0,0,0,0,0,0,0,0,0,0,cat
0,0,0,0,2,-2,53,6,-75,-93,26,8,0,-1,-2,-3,13,32,-5,0,7,0,37,-4,-33,32,-1,11,10,-10,-1,-12,3,40,36,-8,-10,-6,-14,7,-9,8,-5,-2,2,-1,-1,-1,-1,0,4,1,-1,3,-1,-4,1,0,1,-1,1,0,0,-2,0,-1,0,-1,-1,1,0,-1,7,1,-4,0,0,2,-3,-3,2,2,0,2,3,-1,-2,-1,0,1,2,-1,0,-1,0,0,-1,2,0,0,2,3,0,1,0,0,1,0,-2,1,-1,0,3,0,-3,1,-2,2,0,2,-2,-2,0,1,-1,3,-1,-2,-2,0,0,2,0,0,0,0,0,0,0,0,0,0,1,0,0,0,0,0,0,0,0,cat
251,11,-12,0,-2,2,0,-5,0,3,-1,0,-3,-1,-3,0,0,-3,10,-15,2,-7,0,0,-1,2,-2,-1,1,1,1,-3,90,-38,-6,1,-9,-11,-8,1,0,2,-4,3,0,0,1,0,0,4,0,2,9,5,-2,5,-3,0,4,-5,-1,1,0,1,4,-2,0,1,0,0,0,0,0,0,0,0,-1,-1,0,3,-1,-1,0,1,-1,0,2,0,-5,0,0,-1,0,-1,0,1,1,0,0,0,0,0,1,0,0,0,0,0,0,1,0,-3,0,0,-1,2,2,-8,-1,3,1,0,1,0,-1,-1,2,0,-3,0,0,0,1,0,-1,0,1,2,3,0,1,0,1,0,-1,0,0,0,0,0,0,cat
0,154,-85,-58,33,14,-15,-6,9,10,-11,-3,-4,-27,-3,-38,-26,-7,14,6,-15,-4,8,-2,-9,-4,12,-3,2,-1,8,-7,0,-2,4,-4,6,-3,-9,1,-16,-2,0,-34,24,20,24,-2,50,2,-13,3,0,-15,-13,-3,8,22,5,-9,19,-28,-8,-16,10,-40,14,3,-9,6,1,7,-4,15,-3,0,2,0,-4,-2,-1,-14,0,0,-4,0,-2,-4,0,0,1,-5,-1,-2,-1,2,4,-6,0,2,-2,3,-8,-3,3,-4,-1,-4,-2,-3,-4,2,4,1,-8,0,2,-4,-2,-4,3,0,-1,0,1,0,0,-1,0,0,0,0,0,1,-1,0,-1,0,0,0,0,0,0,0,0,0,0,0,0,0,0,cat
-20,-125,0,16,146,-7,-20,0,14,-34,-9,29,-41,-52,51,11,-2,-6,-59,-15,3,36,9,20,-14,-4,2,-48,-11,34,-12,27,21,-8,18,-40,-14,-19,-31,50,-2,13,-27,15,-16,10,-9,38,14,-13,13,-14,0,-12,18,-17,26,16,8,0,-5,-6,-15,-14,-11,2,13,9,7,-17,-16,-10,-8,-1,-7,8,12,0,7,9,18,7,-5,-23,-4,0,3,0,-8,2,15,1,11,6,13,8,-15,-4,-4,17,-18,-11,-2,2,-17,7,0,2,11,2,4,-5,-6,-2,-1,7,6,0,-3,0,9,4,0,-5,-4,1,7,6,5,9,-9,-3,-5,14,-6,8,15,-2,11,-7,0,-19,11,7,6,-1,-4,2,2,11,4,cat
-9,-10,10,-12,9,-16,1,5,9,-5,-6,-7,-10,38,62,-6,4,-5,2,0,-6,0,-6,14,-1,-23,-25,-54,-199,6,0,-3,0,-3,1,2,-1,-12,-11,-7,186,-29,-5,-9,6,0,4,1,-3,-3,-4,5,-6,0,-1,4,-4,-1,0,0,-1,0,1,-1,0,0,0,-5,-1,0,2,0,-1,0,0,0,0,1,0,1,0,0,-1,1,-1,0,1,0,0,0,0,0,0,0,0,1,0,-1,0,7,0,1,0,0,0,0,4,-6,0,1,-2,0,2,0,0,2,0,0,1,1,2,1,0,0,-2,0,-1,2,0,1,0,0,0,-4,0,1,8,6,-2,-1,6,-4,-2,-1,0,0,0,-6,3,-2,-1,cat
-121,5,-13,14,-6,-87,-70,68,-30,-29,-205,-105,252,-156,30,135,106,2,29,-17,-11,-8,57,-97,-36,-29,37,3,87,100,24,-37,-27,-31,29,-11,21,-1,4,-1,22,-6,39,-15,5,-9,12,2,-48,32,7,-15,-1,-8,0,-7,0,-10,39,5,0,-19,0,-5,0,14,16,-1,-16,7,1,-7,14,-5,-11,-3,-5,-6,4,-3,2,-3,4,6,-6,-4,0,0,3,-1,6,1,7,7,1,-1,-1,0,-2,3,-2,-1,2,0,-3,1,0,2,2,0,-6,-2,1,1,-3,-1,0,0,0,0,-1,0,-2,0,0,0,2,0,0,0,0,0,1,0,2,0,0,0,-1,0,-1,0,0,0,1,-1,-1,-1,0,0,0,cat
0,0,16,-14,81,-8,39,-42,-38,8,7,29,11,-26,-17,17,27,-19,-1,0,-17,3,0,-30,-24,-6,-5,33,25,-43,-11,0,7,-4,-12,0,21,1,-6,-8,20,-6,7,15,9,-6,1,5,-10,-2,3,-3,-2,3,1,-1,4,6,4,8,16,9,-4,-1,1,0,0,2,5,-4,-6,3,-1,0,-5,-5,-3,4,0,0,6,2,-3,0,0,4,1,4,0,0,0,1,-1,-4,0,2,1,-2,0,0,0,2,0,1,-1,1,1,0,0,0,0,0,1,1,0,1,0,0,0,0,0,0,0,0,-2,1,0,0,0,0,0,0,-1,0,0,-1,0,0,0,0,-1,0,1,0,0,0,0,0,0,0,0,cat
-30,-18,-5,-12,-14,-65,27,-17,9,-17,35,1,0,-43,-24,15,-13,26,-33,27,-13,-8,17,17,3,-14,22,38,6,13,21,-11,3,-26,24,3,17,-1,7,-6,6,-10,3,10,1,5,-9,-14,21,-24,-10,1,1,9,-5,0,-11,-4,6,7,-3,5,4,11,3,0,0,-8,0,0,4,-2,-2,3,-7,-5,-3,-6,0,0,0,3,1,-3,-5,-3,-3,1,0,0,0,3,6,0,4,-2,4,-1,-1,0,-2,0,-5,2,0,1,0,0,-5,1,-2,-1,1,2,-3,0,0,-4,-4,2,0,1,-2,1,1,-2,1,-1,0,0,-1,1,4,-5,1,0,-1,-1,1,0,-4,0,0,3,-1,2,0,-1,0,0,0,cat
-64,38,-26,-1,-88,-236,41,101,49,-75,30,26,38,-43,66,19,135,-130,-46,40,-9,-52,-72,51,-11,118,-57,102,107,-23,33,-231,-19,-20,24,-80,-108,8,94,-12,-27,2,20,-38,-96,-49,-2,37,8,8,5,13,5,-48,-24,-3,7,2,-1,6,-32,7,4,-5,10,7,-5,6,-9,-17,4,-6,6,11,7,11,8,7,8,-9,26,-2,-8,5,-10,5,-13,6,-7,8,-6,-1,5,-2,0,2,-7,0,2,0,2,2,-1,0,-1,1,-1,3,-1,-2,3,-2,-1,-6,-2,0,1,3,-1,5,-3,2,0,3,-4,-2,-1,2,1,4,1,0,1,1,2,0,-1,1,1,2,2,2,0,0,1,0,0,1,0,1,3,cat
5,8,93,62,11,3,25,0,19,-4,-72,-9,-14,-24,1,11,-11,25,32,18,-15,13,-51,-1,6,-4,-3,-5,52,-24,0,-4,18,-17,10,0,-4,8,0,2,-10,-36,2,5,18,24,-1,-6,3,-3,-2,-3,11,-5,-6,-2,-7,-2,3,-7,-6,-7,-5,8,-1,1,-5,-4,-3,6,4,3,-2,-4,-7,6,0,0,-4,-5,8,-13,-9,-9,3,3,-5,0,-8,9,9,3,-8,-1,-7,-1,0,0,0,2,-5,-3,8,0,3,0,-1,4,1,2,0,-1,1,1,3,2,0,0,1,2,-1,-4,0,0,0,0,-3,-1,0,1,-2,0,0,5,0,1,-1,1,0,0,3,0,2,0,0,1,0,0,0,0,0,cat
4,10,111,57,-18,-8,-15,-27,30,0,-106,12,-14,-5,6,1,-35,3,-12,8,2,38,-38,15,-28,17,-2,-10,15,4,-2,-12,30,-45,8,18,-2,8,2,7,-19,-51,2,-6,35,30,-11,7,14,-1,3,0,15,7,-9,-5,-10,5,8,0,0,8,-17,16,-2,20,0,-5,-6,-14,-6,6,-7,-1,-4,27,-20,7,-10,-11,19,-8,-2,-4,-2,-3,23,-6,-10,-21,6,-12,0,5,-53,-8,-5,9,-1,10,2,-1,5,0,0,-3,0,1,4,1,-1,4,2,4,0,-2,2,-2,3,7,-1,-2,-4,5,3,1,3,-4,2,2,-4,0,4,4,0,2,-2,-2,-2,3,1,0,1,0,2,0,-3,0,1,0,-1,cat
-2,-2,-3,10,42,38,-57,-96,5,36,-30,-46,185,70,9,-94,-47,-12,0,17,24,69,17,44,-9,26,-36,-23,45,-47,-20,51,-66,-4,-8,-37,-34,-18,-8,16,-26,22,-14,-90,-8,3,17,23,-9,6,-5,-39,2,-21,-24,13,-3,3,-5,-5,-21,12,10,6,-3,21,7,-8,-2,6,0,0,-5,0,0,-3,1,-1,0,-1,0,3,0,-3,0,-6,-5,-2,-1,0,0,2,0,0,0,0,0,0,0,0,0,0,0,0,-1,-1,2,0,0,0,0,0,0,0,0,0,2,0,-1,2,0,0,0,-1,0,1,0,-2,0,1,-1,1,0,0,1,1,0,0,0,0,0,0,0,0,0,0,0,0,1,0,0,cat
81,-37,-17,-75,22,7,20,-27,-22,-20,16,-1,-6,9,2,16,1,-2,4,6,4,1,6,-6,-10,-13,-2,-2,0,10,-3,12,0,6,1,0,20,-29,-9,21,-14,6,-4,4,-12,25,26,28,-9,0,-67,-7,-5,6,7,-7,-3,10,-16,0,-30,22,-2,-1,-2,-27,0,4,0,5,-1,5,5,-9,-5,11,9,0,-13,-15,5,10,4,-4,-5,2,1,-18,6,-16,1,1,0,-1,1,-6,-1,5,1,-1,-2,4,7,10,-1,-4,-8,3,11,-9,3,8,12,-6,-5,2,1,-2,4,-3,-1,1,-4,0,-1,1,-2,2,1,0,-1,-1,0,-1,1,0,1,5,1,0,0,0,1,0,0,0,0,0,0,0,0,cat
-11,-4,-1,-33,-4,0,0,-4,1,-3,-1,8,5,-3,2,0,-7,3,-1,-1,3,0,3,1,-5,-5,-25,-13,-150,49,-17,-2,0,0,16,-22,-13,23,50,123,19,-120,40,111,136,-11,22,15,-1,-2,-1,-8,7,18,4,67,-16,-25,-176,-81,6,-26,-127,12,0,-13,2,-4,26,16,0,13,3,50,7,0,7,-3,0,-5,10,10,-9,-9,13,-1,-5,-2,39,4,-4,10,12,-4,11,0,-2,-1,6,0,4,-6,-1,12,0,-1,-2,1,0,0,0,0,3,0,0,0,-2,-3,-6,-3,2,3,1,0,-1,0,-5,-7,0,0,0,-2,6,-5,0,-4,2,0,7,1,0,2,0,0,-1,-1,-2,-1,0,0,0,cat
4,-4,3,-6,-6,-1,1,-2,0,0,1,0,0,0,0,2,1,0,-3,-1,-14,38,97,-15,-1,-13,1,1,-1,0,-1,0,-1,1,0,0,-1,-1,0,5,1,2,20,-29,-20,-9,-3,1,-1,7,8,-6,-6,0,0,-1,0,-2,0,0,10,18,-3,-8,-15,-50,55,-26,8,12,1,8,-1,-10,-5,-12,7,7,2,-1,1,0,-4,0,-6,6,7,9,-15,6,0,2,0,0,0,0,0,0,0,0,-1,0,0,-1,-2,0,0,0,-10,9,0,0,1,-2,-2,-1,1,0,0,0,1,-3,0,0,0,0,1,1,3,4,1,-2,-7,0,-1,0,0,0,0,0,0,0,0,0,0,0,0,0,0,0,-1,cat
-1,0,331,184,-69,222,33,24,-46,-5,58,-22,-22,-11,23,-6,7,-15,-31,15,-12,16,-139,-2,-3,13,10,5,0,-4,8,1,-8,-12,14,-9,-5,-2,12,8,9,15,-4,3,2,-7,4,-5,-5,7,-7,0,-4,-16,-4,-2,0,6,0,4,-1,0,-6,4,-7,6,4,2,-3,-1,2,3,-3,1,-2,5,-3,0,0,2,2,1,2,-3,0,-1,-2,-2,3,-1,1,1,4,-2,9,-6,0,-4,4,0,6,0,5,-2,3,-2,1,-4,-2,-5,0,0,2,-1,3,1,1,1,-2,4,-1,1,0,-3,0,-1,0,2,0,-1,0,0,1,1,1,0,0,0,0,-2,-2,-1,0,0,0,0,0,0,0,0,0,cat
80,-6,-13,-29,-57,-18,6,-12,33,26,-23,-15,-8,-13,40,31,-14,-14,-41,22,-46,-5,-11,0,-24,-7,-5,-10,-3,-1,-18,10,3,12,-13,-19,-6,13,-16,40,-6,4,24,4,27,-1,22,21,-6,-18,12,4,0,-7,-5,-3,-15,3,-4,-6,5,1,2,0,-4,7,-3,-2,1,-1,0,-2,-1,0,-1,-2,-1,-1,0,-2,0,0,0,0,1,-1,0,1,0,1,0,-1,0,0,0,0,0,0,-1,0,-1,-1,0,0,0,0,0,0,0,0,0,0,0,0,0,0,0,0,0,0,0,0,0,0,0,0,0,0,0,0,0,0,0,0,0,0,0,0,0,0,0,0,0,0,0,0,0,0,0,0,0,cat
0,-4,0,3,-7,-2,-10,-7,0,7,0,-12,26,-31,47,-9,22,1,-96,38,31,33,-63,-22,5,-42,-6,79,-23,152,20,-66,26,-72,109,118,-28,66,-22,41,-1,-124,12,0,-59,-28,28,41,-45,0,-27,32,33,18,-6,0,14,57,-20,26,-31,-12,-98,-44,55,63,-27,7,14,129,72,-21,-49,8,8,-19,-62,-28,-23,1,-56,-64,74,25,32,3,19,-41,3,14,-23,-1,4,1,19,-5,11,0,5,18,3,-9,-17,-1,-5,5,4,-9,-22,31,15,27,0,-21,0,4,-1,4,-7,10,19,13,-7,1,0,-16,-16,8,-1,5,-19,-6,-8,0,1,-3,1,-2,0,-4,0,1,1,0,-2,-5,3,0,0,0,0,cat
6,0,-2,0,5,1,-2,0,2,1,-3,1,5,-7,5,6,17,38,33,-38,-18,-6,-1,9,-62,-5,-11,4,1,12,-9,6,0,-18,-56,4,17,-17,19,-21,25,-8,-1,-104,-26,7,-8,-4,-8,1,0,-21,-10,-12,8,18,-23,14,13,-19,32,-14,-36,24,-29,-27,-8,-3,-20,-14,-12,-7,3,6,3,-7,2,-5,-3,17,-5,9,7,-7,-9,2,-9,3,5,-13,-6,-18,-5,-2,12,-8,-6,-3,-4,1,2,0,-3,-3,-1,2,0,1,7,2,2,-3,0,1,0,-1,-1,0,2,1,2,0,0,1,2,0,0,0,0,-2,0,1,0,0,1,0,2,1,-1,0,0,0,0,-1,0,0,0,0,1,0,0,cat
-1,-7,-4,6,4,0,-6,-9,19,-64,9,-31,35,7,0,10,7,2,6,-44,-37,13,9,-5,-71,-15,1,14,8,-8,10,24,-22,-19,-32,-23,165,-4,-7,6,-1,2,0,0,-7,-7,-10,36,-25,-12,5,-6,-8,12,-1,8,-27,-6,-4,48,-55,-11,-4,-2,2,-5,-6,-9,-11,23,26,1,-5,0,-12,6,-1,9,5,0,-11,-5,1,29,-11,-8,0,4,0,-2,12,0,-9,6,0,4,-5,0,-3,3,4,2,0,4,0,0,0,-4,6,-1,14,-2,0,-1,8,1,-5,0,-3,-1,-2,-2,-5,-8,1,6,4,0,-1,-5,18,0,-2,-8,-7,2,2,1,-2,8,2,-9,4,0,1,0,1,-4,-2,2,-2,cat
-25,-10,-4,-1,2,-2,-1,6,73,23,-3,-19,0,-4,0,-117,3,-36,-87,150,-74,-14,13,-31,48,-42,3,3,2,-5,0,-5,-19,3,-13,-130,25,4,-109,0,0,-1,-10,-13,33,-10,-16,-11,29,6,3,-2,18,-3,-10,1,20,-8,-5,11,-3,19,-1,5,24,14,-12,2,0,4,-7,3,1,12,-2,26,26,0,-1,0,0,0,-1,1,0,-3,5,0,0,0,0,0,0,0,0,0,0,0,0,0,0,0,0,-1,0,-1,0,0,0,0,0,0,3,2,1,2,0,0,0,0,0,0,0,0,-1,0,0,0,0,0,0,0,0,0,0,0,0,0,0,0,0,0,0,0,0,0,0,0,0,0,0,cat
1,-2,0,2,0,0,4,0,-14,42,13,-1,2,1,-4,-1,-20,38,-51,112,-58,37,-11,0,3,3,-2,7,17,55,62,-16,7,0,1,0,-3,10,-9,-25,11,13,-41,0,6,-6,0,0,4,-2,3,6,3,0,0,0,-1,-1,5,0,0,1,1,1,1,2,0,-2,2,2,0,1,0,1,0,0,0,0,0,0,0,0,0,0,-2,3,0,2,-2,1,0,0,0,0,0,0,0,0,0,0,0,0,0,0,0,0,0,0,0,0,0,0,0,0,0,0,0,0,0,0,0,0,0,0,0,0,0,0,0,0,0,0,0,0,0,0,0,0,0,0,0,0,0,0,0,0,0,0,0,0,0,cat
-25,322,59,74,13,24,24,17,36,-4,-116,13,20,-127,-52,46,-112,-33,-15,-7,95,-71,10,0,19,-17,-12,-64,-21,14,4,4,0,8,2,4,8,13,5,-31,-6,12,11,3,-4,-17,-11,9,25,11,6,28,3,12,-2,-1,-9,4,-8,9,-77,-6,-21,-2,6,-11,-7,3,10,-4,-5,-5,-1,-2,-3,0,3,-2,3,1,3,5,0,3,4,-1,1,2,-6,2,-1,17,-2,-1,-14,1,3,7,4,0,-1,5,-19,-3,-5,0,0,1,-2,-1,4,0,-5,2,0,1,3,1,0,1,-2,-2,0,-4,-1,2,-4,2,-1,4,2,0,0,0,-1,-2,0,3,-1,0,0,2,0,2,2,-1,1,-2,1,0,1,cat
0,0,5,3,5,2,-3,-9,-6,-21,-4,0,0,0,0,-6,-5,0,14,8,0,-3,0,3,-3,-1,-5,1,10,-9,-2,-3,6,-20,-9,-12,3,10,10,11,-9,3,31,24,9,36,0,8,0,10,-9,2,5,3,-5,-2,0,-1,0,0,0,0,2,-1,0,1,0,-2,0,-2,-1,2,-1,1,0,0,2,0,0,0,0,0,0,0,0,0,0,0,0,0,1,-1,0,0,-1,0,0,-2,3,1,0,0,2,0,2,0,0,0,0,0,-1,1,0,2,1,-2,0,0,0,0,1,1,0,0,-1,1,0,0,-1,0,0,0,0,0,0,0,-1,0,0,0,0,0,1,0,0,0,0,1,0,0,0,cat
0,0,-5,7,-13,-25,-18,266,-37,5,-48,-6,6,102,216,-52,48,2,-11,-48,-9,1,-25,6,-9,11,2,-34,-47,80,-18,0,0,-7,13,-8,-1,5,-11,15,0,-3,6,0,-1,3,0,-1,-3,0,-5,1,-6,0,1,1,1,0,-2,1,-5,1,4,1,0,0,-2,-1,-2,-2,0,2,-2,-1,0,1,0,1,8,-8,0,-6,0,2,0,0,0,2,0,4,-4,1,0,0,0,0,-1,0,3,1,0,0,1,0,0,0,1,-2,0,0,-1,0,1,-1,1,0,-1,0,2,0,0,0,-2,0,-1,0,0,0,0,0,0,-1,0,0,0,0,0,0,0,0,0,0,0,0,0,0,0,0,0,0,0,cat
-2,0,341,-4,2,-6,13,-1,2,-36,33,-84,135,-4,5,1,1,-1,-5,40,-10,-30,31,38,71,0,-4,11,-4,1,-5,-7,-28,-9,12,-127,100,-11,2,-3,2,0,2,-3,2,2,2,23,-26,12,0,7,4,-3,0,0,4,3,-14,-1,17,1,-18,-1,0,0,1,-1,-2,-2,-1,-2,20,9,12,2,0,0,0,3,3,-2,0,13,13,-7,-5,-3,3,0,2,-3,2,2,2,0,-2,0,-5,3,0,-1,0,0,0,-2,-6,2,-1,-2,-3,1,0,0,-2,0,0,-2,11,-5,3,-5,2,0,0,0,1,0,0,2,1,-3,4,2,0,1,0,0,0,0,0,-1,0,0,0,-1,0,0,0,0,0,cat
-4,-2,11,3,-41,15,-99,-167,-99,13,109,11,-44,158,-357,211,30,122,-17,-50,220,-128,-10,239,-20,-80,-40,-6,135,-122,-9,-151,137,-33,-83,-14,-22,29,-13,-5,-2,-2,-58,-23,16,2,2,17,0,1,6,-15,-4,-11,21,19,-3,28,-5,0,-8,10,20,-12,-43,-37,15,-13,-16,-6,7,2,0,-6,38,-4,16,37,1,-11,19,-1,9,25,-15,11,-10,-21,4,-6,20,5,1,13,1,1,3,-4,2,1,9,-25,-15,-9,1,-1,-10,0,5,-4,-2,-17,-8,5,-6,3,-6,0,0,2,0,1,15,-4,5,1,0,-6,1,-1,0,-6,-2,0,1,1,3,0,-1,1,0,2,1,1,-3,0,0,-3,1,0,2,cat
8,2,83,5,3,33,-2,5,-5,-9,111,1,-80,1,-9,-2,1,2,-1,-7,43,-8,-57,80,201,7,2,5,-8,2,-11,-23,15,4,0,6,109,12,25,1,1,-1,-5,0,0,-5,6,7,30,-3,-14,-12,1,-2,-1,3,-8,3,6,84,-57,-56,-82,3,2,-3,0,0,-2,-1,10,23,-4,-2,-62,-1,1,5,0,-1,3,0,-5,-11,0,2,5,-9,-1,-2,0,0,1,1,-4,-2,0,-2,-2,-1,-3,1,0,0,0,1,4,-1,2,0,0,-1,-1,-1,0,-1,0,0,-3,-3,-11,6,2,0,0,3,-5,0,2,0,1,-5,0,2,-1,1,2,-1,0,0,0,0,0,0,0,0,0,0,0,0,0,cat
0,0,0,1,0,0,0,-1,-2,-42,5,13,73,-19,-1,6,-2,5,1,-1,-4,-44,-25,78,-9,43,70,5,-33,32,-9,-5,6,-14,-43,64,22,-31,12,15,0,31,0,-2,2,20,5,-36,-30,55,-18,5,-6,-29,2,-8,8,8,-19,11,-2,-14,1,16,14,-11,-24,-12,6,25,-6,-22,-6,-17,6,-4,6,0,0,-2,-10,-3,-7,2,0,-3,-1,4,1,1,-2,-2,0,-3,-2,-2,2,4,0,-1,-1,1,1,-1,0,0,0,-3,0,-1,0,0,0,0,0,0,0,-1,0,1,0,0,0,0,0,-1,-1,-1,0,0,-1,-6,3,0,0,-2,-10,-1,0,0,-1,1,-1,0,-1,2,1,-4,0,2,0,cat
19,582,-5,98,95,-11,-17,-5,29,-100,-143,-151,-34,-19,0,0,-55,-6,18,17,-15,-2,20,61,103,-20,17,-39,4,15,-12,5,2,0,-13,-51,32,-1,-10,2,-15,2,23,5,5,-3,-21,-1,16,-2,0,0,0,0,0,1,-4,-2,-2,3,1,1,2,1,1,-3,0,0,0,0,0,1,2,0,1,0,0,0,0,0,0,-2,-2,0,1,-3,1,-1,0,1,2,-1,0,-1,0,0,0,0,1,-1,0,-2,-1,-1,1,0,0,1,-2,0,2,-3,2,0,-1,2,0,1,0,0,0,0,7,4,0,-1,0,-2,0,-3,2,-4,1,-1,-1,1,-2,0,-2,2,0,0,0,2,0,0,0,-2,1,0,-1,cat
0,0,4,-62,-100,63,-72,-16,207,-203,234,-154,46,-117,58,15,-84,-26,16,-151,80,101,15,-70,-99,-37,-63,-63,-26,-63,6,28,70,-37,15,57,64,23,34,-76,18,-17,-38,97,70,-126,1,-17,-10,-37,1,-34,9,10,35,4,-20,-5,-11,-1,-17,-11,2,-12,-15,8,11,-10,17,-4,8,-10,0,-9,-5,9,4,7,0,1,4,0,-1,0,0,0,1,5,4,0,3,2,0,0,1,-1,0,0,0,0,0,0,1,-2,1,0,0,-1,1,1,0,-1,1,4,0,0,-2,1,0,0,2,0,5,1,-1,-3,-1,-1,-2,0,0,-1,0,2,-1,0,0,0,0,0,0,-1,2,0,-1,0,0,-1,-1,0,0,cat
-27,3,14,8,5,6,0,-3,-16,-4,-2,-7,8,-4,-9,-3,6,2,-1,0,-3,-5,5,-16,-4,-18,44,10,15,10,-6,0,0,-4,-18,4,5,-1,11,27,-107,40,50,-37,9,3,-5,-1,-10,-2,0,-6,-33,0,11,81,-49,-103,15,1,1,-2,2,1,-7,3,-6,15,8,5,9,11,-19,-5,2,0,-2,-3,7,-10,5,8,-3,23,15,0,-9,0,-3,0,-1,0,2,4,0,-1,1,0,0,-3,0,0,0,0,0,-1,0,1,0,1,0,0,0,0,2,-1,0,0,0,1,0,0,0,0,1,2,0,1,0,-1,1,0,0,0,0,-1,0,0,0,0,0,0,0,0,0,0,0,0,0,0,0,cat
1,1,1,1,0,2,0,-9,-3,4,1,0,58,39,-4,55,-530,-204,-397,-58,-46,-23,-16,27,24,24,-124,127,-178,-10,-189,-2,-117,57,168,34,5,-66,89,1,1,5,-13,36,0,-11,63,-26,-30,5,0,0,0,0,1,-3,-1,-1,0,0,0,0,0,0,0,-1,-1,0,0,0,1,0,-1,0,0,-1,1,0,0,0,0,0,0,0,0,0,0,0,0,0,0,0,0,0,0,0,0,0,0,0,1,0,0,0,0,0,0,0,-1,0,0,0,0,1,0,0,0,0,0,-1,0,0,-1,0,0,0,0,1,0,0,0,0,0,0,0,0,0,0,0,0,0,0,0,0,0,0,0,0,0,0,0,cat
-3,-211,45,-77,-101,-1,16,0,44,-85,-15,-290,188,24,-26,13,45,-7,13,-4,1,-33,23,42,33,-39,-8,32,6,0,10,6,14,-27,-3,-58,15,-13,-2,-5,3,5,0,-5,13,11,-12,-21,7,22,0,0,2,-7,-1,6,0,0,0,-2,-1,-1,0,2,-1,-1,-4,3,-4,1,0,-1,0,1,-2,-2,0,0,0,-2,3,0,-1,6,-3,-1,0,2,0,2,1,0,2,-2,-2,3,-3,-1,1,0,0,1,-1,-2,-2,0,-1,0,1,0,2,1,-2,0,0,0,1,0,-1,1,1,0,1,1,-3,0,-4,-1,0,-2,1,1,-1,-3,1,0,-1,0,2,0,1,0,0,4,-2,0,0,-4,-2,0,0,cat
28,-46,-2,-21,-44,20,-6,1,-13,-32,-1,-2,10,17,-53,24,-7,40,-19,15,-6,-14,-38,-7,13,3,-8,22,6,-27,-15,-35,24,7,18,14,-25,27,-64,-3,25,26,-46,3,28,12,-21,4,-15,3,-13,-30,25,13,23,2,16,-15,-11,6,2,12,-1,-3,-2,-9,7,6,-6,0,0,-4,-4,4,2,-10,-9,-2,-1,-2,-1,0,3,4,2,4,-4,1,2,-5,-2,-1,-3,-3,0,-4,-8,1,-3,-2,0,0,1,-4,4,2,1,1,0,0,-1,3,0,-6,5,2,0,-3,0,-4,-5,-1,2,1,-3,-1,0,-4,0,2,1,1,0,-1,2,3,-1,-1,1,0,-1,1,0,0,-1,1,0,0,0,0,0,cat
-121,15,-34,42,-15,7,-1,-9,0,3,4,3,6,-1,7,4,-4,1,-1,-4,3,0,2,2,-1,-2,0,0,-1,1,-1,1,4,-1,-1,0,-2,1,0,0,1,0,0,-1,0,-1,1,0,1,2,-2,0,0,0,0,0,0,1,0,0,0,-1,-1,0,0,0,1,0,0,0,-1,0,0,0,0,0,0,0,0,0,0,0,0,1,0,0,0,-1,0,0,0,0,0,0,0,-1,-1,0,0,0,0,0,0,0,-1,0,0,0,0,0,0,0,0,0,0,0,0,0,0,0,0,0,0,0,0,0,0,0,0,0,0,0,0,0,0,0,0,0,0,1,0,0,0,0,0,0,0,0,0,0,0,cat
-69,94,-48,3,-3,11,3,-2,5,-3,-3,9,7,-5,4,-4,-1,-4,-2,0,1,-18,15,2,-5,3,-14,2,0,0,1,3,-2,-2,0,-3,0,-1,2,1,-1,6,-6,2,8,-15,1,3,-5,-1,-1,3,-10,4,-3,-17,-36,3,1,-3,1,0,-2,8,-3,4,-3,7,0,5,2,0,0,0,-7,-8,-9,-9,0,4,-2,-7,5,0,16,0,21,4,5,-21,-2,-15,-9,-7,2,-11,10,-13,7,22,2,-4,1,-2,-12,-10,2,-6,-4,-3,3,8,-2,21,-3,-11,1,-1,0,0,-2,2,3,-1,2,3,3,-2,-1,0,1,0,0,0,1,0,0,0,-2,4,0,-1,1,1,0,0,-1,-1,-1,0,0,cat
0,0,0,0,0,1,0,0,0,-1,0,0,0,3,0,0,0,-1,7,-4,0,1,0,0,0,-1,10,-75,0,5,10,0,13,7,-6,108,-25,-10,-20,-12,14,-10,-10,17,-88,9,15,0,3,1,-1,0,-9,4,13,0,0,1,0,0,0,-4,1,3,0,0,0,0,0,0,0,0,0,0,0,0,0,0,0,0,0,0,0,0,0,0,0,0,0,0,0,0,0,0,0,0,0,0,0,0,0,0,0,0,0,0,0,0,0,0,0,0,0,0,0,0,0,0,0,0,0,0,0,0,0,0,0,0,0,0,0,0,0,0,0,0,0,0,0,0,0,0,0,0,0,0,0,0,0,0,0,cat
-4,-26,67,58,30,-12,21,-57,-11,-9,51,21,10,9,16,-2,-33,-44,21,-23,5,-11,-19,-48,-43,-23,0,6,-26,18,-15,10,-4,-11,14,27,-36,2,-5,-14,17,1,17,10,-31,22,21,-3,23,12,-5,-11,-20,-3,4,3,1,-5,0,-2,7,-13,0,4,1,-5,13,6,10,5,5,-9,1,-4,-3,-1,5,-4,5,4,1,1,-5,4,-3,0,-3,0,-2,-1,1,2,0,2,1,-3,2,0,0,-2,-1,0,-1,0,-2,1,0,0,2,1,0,1,-1,2,-2,-3,-5,-5,-1,-3,2,0,3,0,0,0,1,0,0,1,0,-1,0,2,2,-1,1,-1,0,1,0,-1,0,0,1,0,0,1,0,0,0,cat
21,74,25,10,-14,-2,-34,40,-13,-133,29,0,60,-30,145,32,-21,49,-4,-15,-40,87,-3,17,12,45,21,10,-49,59,-34,-56,22,-21,36,-135,-73,-50,-24,-11,13,-50,-6,-80,-33,-35,-7,19,-38,32,-13,-4,8,42,-21,19,13,9,2,10,2,-10,2,-13,0,2,6,6,-6,15,0,5,-7,-9,16,-10,10,-11,-3,7,-3,-1,-17,-8,17,9,-6,-1,14,3,-9,7,5,14,2,4,-5,-3,0,-2,6,5,-1,4,-1,9,0,0,6,0,4,3,-1,5,1,-4,-5,-3,-1,4,4,-3,1,2,-4,1,2,-2,3,-4,4,0,-3,2,2,-1,3,-2,-2,0,-1,-1,-1,0,0,1,0,0,0,0,-1,cat
8,13,-8,6,-2,3,14,27,-33,-2,9,0,-13,3,-11,5,33,-9,23,-3,-28,-9,9,8,-6,-9,10,-18,0,19,1,0,36,55,7,5,-70,11,-7,-40,7,-21,21,-5,-31,-12,-17,12,-28,-13,13,-13,-21,10,13,16,0,25,12,6,3,-10,2,-19,5,-10,0,8,-17,10,-9,-12,11,3,4,2,10,-3,-17,-25,-8,-6,-15,-13,-19,-8,3,-11,-15,-9,22,0,-3,-6,-4,-4,0,16,-4,-15,5,-7,-16,0,-5,10,-4,2,5,-2,-3,1,-11,8,0,-2,-13,16,-3,-3,0,4,-2,-2,1,10,4,5,6,4,2,6,2,-3,-1,6,-2,2,0,1,0,0,-3,0,0,-2,4,2,2,-1,0,cat
-83,-10,-5,0,-9,3,-11,49,2,2,-13,-8,-29,-41,-74,-50,2,-1,0,0,15,1,17,-8,3,0,1,-11,26,13,0,16,36,31,16,-91,20,31,-47,-1,-25,-25,-16,-16,0,38,-10,-12,32,-28,-13,-15,22,12,-7,-6,-11,-16,3,-18,-5,-4,21,2,-2,4,-4,-27,5,-10,61,14,-10,-29,11,-18,4,-8,20,23,-23,0,-11,24,13,17,-7,0,2,4,15,-5,-9,3,-7,-9,-8,-7,9,6,0,0,1,0,0,3,-1,2,1,-1,3,0,2,4,4,0,0,-1,-3,0,0,0,0,0,-1,0,0,0,2,0,0,0,0,0,0,0,0,0,0,0,0,0,0,0,0,0,0,0,0,0,0,cat
-2,3,202,9,-2,17,0,5,-3,-26,20,-1,-163,0,1,0,2,0,-2,-15,5,-20,-33,39,-44,15,0,-4,1,4,-25,-9,-5,4,22,-6,-5,7,1,2,2,11,1,-2,0,-1,2,-2,1,11,4,1,0,-1,0,3,0,1,3,3,8,-2,0,2,1,0,0,0,0,2,0,16,-18,-11,3,1,1,1,3,-1,-1,-3,-1,2,-7,-4,-7,0,-1,0,1,0,-1,2,-1,1,3,0,4,0,-2,0,0,0,0,0,1,-3,-5,2,-2,0,0,0,2,0,3,0,2,3,0,4,2,0,0,0,-1,0,2,0,0,1,0,0,0,0,0,0,0,0,0,-1,0,0,0,0,0,0,0,0,0,cat
0,0,1,0,-1,0,0,0,-1,0,-1,7,-8,-7,0,1,-5,-4,5,4,14,10,-4,6,-1,0,2,0,0,2,148,-16,-11,-5,0,0,5,24,15,0,4,-26,21,5,20,-14,2,-1,-1,2,-5,-6,0,1,0,5,0,-2,0,-2,11,-7,-1,6,0,-2,0,1,-4,-1,4,2,0,0,1,0,2,-1,0,0,-1,-1,1,0,0,0,0,0,0,0,0,0,0,0,0,0,0,0,0,0,0,0,0,0,0,0,0,0,0,0,0,0,0,0,0,0,0,0,0,0,0,0,0,0,0,0,0,0,0,0,0,0,0,0,0,0,0,0,0,0,0,0,0,0,0,0,0,0,0,0,0,cat
75,-14,8,-17,-12,-28,-38,-23,-14,-9,12,22,-8,10,-4,-7,31,-2,-11,-9,6,-22,4,6,3,14,-5,0,2,-7,0,5,0,0,-10,-15,-11,-13,3,-1,-12,8,8,-4,-6,-1,-3,0,-7,-5,-2,-11,-2,-4,4,-2,16,-3,2,1,1,1,4,-1,-6,0,-5,5,6,-5,-5,-1,6,3,1,4,8,3,4,15,3,-3,-6,-1,0,5,0,6,-6,-2,5,2,-2,1,2,6,0,4,-9,0,10,-4,-1,-7,0,7,-4,-4,-2,3,1,-5,-3,-2,0,-7,-9,6,4,0,4,-1,-8,-3,0,4,-2,-4,-3,3,1,-1,-1,-5,-2,0,3,1,4,-1,9,-2,-4,-3,2,-8,-5,2,3,3,-2,cat
55,9,-2,0,0,0,0,0,0,0,0,0,3,50,-35,-27,5,1,2,0,2,6,-1,5,16,-11,28,12,27,2,3,-6,-1,0,3,1,1,0,-21,36,-15,17,27,77,-90,-7,4,0,0,2,2,10,-16,3,19,21,63,-42,-17,10,-8,0,7,9,13,10,6,27,-21,-12,-6,-14,9,44,0,2,0,4,-13,3,-31,-33,-14,-29,30,-7,5,16,13,3,0,4,-2,0,0,2,3,5,0,3,-2,0,-8,-3,4,-1,0,1,0,3,0,3,-2,-3,-3,1,2,4,-1,1,0,-1,0,0,1,0,0,0,0,0,0,-1,1,0,0,0,0,0,0,0,0,0,0,0,0,0,0,0,0,0,0,cat
-25,281,-22,6,-50,30,0,3,15,-2,9,-4,-5,8,-24,6,7,2,10,2,-2,-8,-6,1,-2,8,18,5,2,-6,2,-8,-2,2,4,6,-19,-44,57,-26,37,12,5,4,3,-1,-2,-5,-22,-4,-6,-6,-17,-1,0,1,-2,-2,-5,-1,-7,13,-20,-36,18,-33,-14,4,-3,-1,-2,0,3,-4,-1,-4,-1,-3,1,1,-1,0,-4,0,2,3,-2,0,-2,0,0,-3,1,4,1,-1,-1,-1,0,-1,-1,-1,0,0,0,0,2,-2,1,-5,2,0,1,-6,0,2,1,1,-4,-4,-1,0,0,0,0,0,3,0,-5,-4,0,8,-3,0,0,1,-3,-1,-3,2,0,0,0,0,0,0,0,0,-2,-1,1,cat
1,-4,5,-3,2,2,-6,5,-5,22,-20,17,115,1,-30,-37,-38,-13,64,-57,-123,78,-113,-126,32,-124,190,43,145,39,-143,66,65,-107,56,-115,131,-58,-77,131,152,152,103,-157,82,-112,95,-109,-87,31,-53,-28,137,-37,14,18,71,2,-47,-18,-29,-64,-71,1,-12,-23,35,12,-15,66,-49,62,18,-9,-5,6,2,17,-11,5,35,19,-9,-15,47,-15,17,0,3,-27,1,-6,15,7,-1,-10,6,-16,5,9,4,6,12,-1,-5,5,0,0,6,0,6,-4,6,-5,4,0,-4,-8,0,1,-2,-1,-7,-5,0,3,-3,-1,5,0,2,1,0,1,0,0,-3,0,-1,1,0,0,0,0,0,0,0,0,0,0,0,cat
0,0,0,-1,-1,-2,-1,-1,-1,-2,-2,0,-3,-3,-4,-6,-97,95,-247,218,11,-7,205,-14,-13,-35,4,341,-128,-33,2,-74,7,-25,204,-49,204,-44,67,-8,13,35,76,34,-40,-108,-192,-188,-73,20,-32,-20,-41,56,37,59,-12,83,29,38,16,-17,-11,0,3,1,1,2,-4,1,5,2,-1,0,0,0,0,0,0,-2,1,1,-2,0,0,0,0,0,0,0,0,1,0,0,0,1,0,0,0,0,0,0,0,0,0,0,0,0,0,0,0,0,0,0,0,1,0,0,0,0,0,1,0,0,0,1,0,0,0,0,0,0,0,0,0,0,0,0,0,0,0,0,0,0,0,0,0,0,0,0,0,cat
31,8,-18,-33,-46,-10,13,33,16,59,16,-3,-4,32,8,162,-17,4,-14,46,34,164,32,186,-121,-141,71,-44,4,3,-1,9,16,5,9,2,1,0,1,0,0,-3,1,-3,0,-2,-1,-2,-1,0,0,0,0,1,1,0,0,2,-1,-2,2,2,0,2,-2,0,0,0,-1,0,0,-1,0,0,4,0,2,0,2,0,-3,0,1,3,0,-2,-1,0,2,0,-2,0,0,-1,-1,1,1,-3,0,-3,0,0,-1,0,-1,-1,0,0,0,0,0,0,0,2,-1,0,0,1,0,0,1,0,0,0,-2,0,0,-2,0,0,1,0,-1,0,-1,1,0,0,0,0,-1,0,0,0,0,0,0,0,0,0,-1,cat
-3,-1,-21,-6,0,3,2,0,4,-27,20,14,0,5,1,3,-16,11,-9,-7,-32,5,37,18,0,3,13,-37,-48,0,45,-51,-3,40,9,12,-19,-7,7,-2,-21,-37,53,-31,18,11,-27,0,64,8,12,-2,-14,-52,-5,14,-9,-10,-6,-9,-3,-6,2,8,3,-2,17,22,2,6,0,1,5,4,-1,-1,0,1,2,3,2,1,-4,-3,0,3,1,1,1,2,-1,13,0,1,0,3,3,-5,1,-4,-6,-14,0,-5,-2,-1,6,0,3,-1,2,2,0,2,-3,0,0,3,1,0,-5,2,-2,0,1,0,3,0,0,-1,1,0,1,3,2,-1,0,0,-1,-2,0,-1,-1,0,0,0,0,0,0,0,0,cat
-53,12,1,17,217,-85,60,22,23,25,-200,-124,366,-99,25,82,187,-31,30,-59,-83,-21,-38,-46,9,-69,3,49,95,45,-16,90,39,59,-22,-13,-13,-5,0,7,-3,-15,7,-31,2,-26,3,-12,-7,20,26,-23,5,-20,-32,17,21,-16,10,22,9,-5,9,-23,-9,19,8,18,-14,17,4,5,-10,5,-4,-3,4,-2,4,-2,-3,0,7,0,-1,-5,0,1,2,0,0,0,1,1,0,0,-2,1,4,1,2,1,0,0,-5,0,1,2,1,0,-2,0,2,0,-1,1,0,0,0,0,0,1,-1,0,0,0,0,1,-2,1,0,-2,0,0,0,0,0,1,0,0,0,0,0,-1,0,0,0,0,1,0,0,cat
-4,10,-11,55,-38,-104,2,-37,-43,-26,166,37,-28,11,240,-83,-87,53,-93,-13,301,54,-91,10,-66,34,-11,126,-142,-194,-71,113,3,-30,44,1,38,-3,10,-35,18,22,0,16,6,-9,-3,-5,-3,19,-9,20,-9,8,0,28,13,40,5,-6,0,-3,-3,-24,-7,-37,-16,-17,-4,2,1,11,7,-4,20,4,-28,-22,0,2,2,14,20,27,-32,-20,-13,-2,-1,0,5,1,-17,9,16,-16,-9,0,9,4,3,21,28,0,8,0,0,11,13,-6,-1,15,0,-1,-2,4,0,-1,0,9,0,1,9,0,-2,0,1,-6,4,-4,2,1,1,1,0,1,-12,1,3,5,0,-3,-1,1,0,-1,2,0,0,2,-1,cat
0,-5,2,0,-3,16,0,0,3,0,-5,1,-98,-4,-9,3,3,1,-2,-6,-4,1,-1,2,97,72,6,1,11,-2,2,-8,-7,5,5,16,-2,4,15,-6,-4,-2,-2,-14,0,3,-6,7,-12,-12,-16,0,3,4,2,-4,3,-1,2,-1,-5,-7,-2,-10,10,-2,0,0,-1,0,5,5,7,-6,14,-1,-12,-1,1,1,0,-2,2,2,3,-3,5,0,5,5,-4,2,0,0,-6,1,-1,-8,9,3,0,1,-7,1,0,3,1,0,-3,7,-3,2,0,0,0,5,2,0,-1,-2,0,6,2,2,8,-2,-2,-1,1,-3,0,-1,0,1,0,1,1,0,0,0,0,0,-1,0,0,0,2,0,0,0,2,cat
105,56,1,-158,-49,-19,29,-15,30,16,-8,-5,12,10,-20,17,16,5,-10,-6,8,5,-11,-17,7,2,0,-5,41,10,18,-11,-39,67,9,0,-24,-9,-1,12,-2,-5,13,1,0,-4,-7,7,21,16,20,13,-22,24,-2,-30,-5,2,6,-16,-10,-11,5,3,8,6,0,-2,2,7,0,-1,-9,1,-2,0,7,0,-7,6,7,4,2,-10,1,-4,-2,6,-6,2,-2,0,5,0,0,3,0,-6,0,1,-1,-5,0,5,0,-3,-3,1,1,3,1,1,0,-1,0,1,0,0,-1,-2,0,-2,0,-3,2,1,0,0,0,2,2,1,0,0,1,0,2,-1,0,-1,3,0,1,-1,0,0,-1,0,0,0,0,cat
-40,53,-52,31,-12,-24,0,1,5,4,1,7,68,13,3,28,-3,0,-7,-33,-7,-18,8,-23,47,1,-2,8,5,7,-2,1,14,-26,6,30,-90,101,-3,16,-32,24,-24,13,28,-1,-39,-15,117,147,-33,-21,-3,2,-7,14,9,0,-4,-6,-4,36,-12,33,5,-10,7,9,0,-11,1,21,7,4,-25,-6,0,2,-1,3,-11,7,-1,0,17,0,26,-3,-8,-4,-2,-4,0,8,-10,-7,-1,-1,7,0,-3,-1,2,-3,0,-1,-3,-3,0,5,0,-4,0,1,4,-4,0,0,-3,-4,0,0,2,-3,0,2,-2,-3,0,0,1,0,-1,4,-1,-3,-5,-1,2,1,-3,-1,0,-1,1,0,-3,0,2,-2,0,cat
1,0,-2,-51,-86,-23,10,-27,25,7,12,1,10,-6,-3,3,-9,1,0,-18,-7,-19,-11,-5,-8,-5,-10,10,-4,-8,-6,2,0,2,9,7,-5,-10,-4,-2,-2,-7,3,2,3,-8,-3,-4,0,8,0,-3,0,2,0,0,0,-3,-2,0,-5,-2,-2,-13,-1,-1,2,-1,3,1,2,6,5,0,-5,5,6,0,0,-1,-1,3,0,1,1,0,0,-1,2,0,1,0,0,3,0,5,-3,0,1,2,0,-1,1,0,-1,-1,-1,-2,4,0,-3,-1,0,0,-1,-3,-1,-2,-4,3,6,3,3,-1,-1,-2,0,2,0,-2,0,-5,-4,0,0,1,-1,1,1,-4,2,-1,-2,-1,2,1,-2,0,0,-1,1,cat
-551,33,-2,-16,-2,7,-5,-6,-1,6,2,2,14,8,-3,-1,-2,-9,6,5,-1,1,-6,-15,46,10,7,0,0,2,0,-1,-13,11,16,16,-3,5,0,0,1,-3,0,7,-11,16,-10,-40,-31,-7,-9,-2,-9,4,-3,0,1,-11,-3,56,6,-37,1,1,2,1,-4,-9,2,4,-14,-17,-25,18,6,7,-2,0,0,0,1,12,0,-50,-22,-7,2,2,2,-1,4,-4,6,-9,8,-67,1,94,27,8,-11,20,-9,5,-8,-22,-19,-5,6,0,-19,8,-11,-2,0,1,-2,-4,-9,-50,-11,-1,1,-4,3,2,-8,2,-1,0,-6,4,0,4,-4,1,1,-1,-1,0,4,0,0,-1,-2,0,0,0,1,0,0,cat
-7,-71,-19,-31,-165,-58,-50,23,57,-73,-29,19,16,116,-14,46,-37,13,-30,-70,-26,25,13,48,-2,19,3,46,19,13,14,-6,8,13,-20,17,-16,-27,73,2,-13,69,-18,69,-30,1,-44,15,-17,25,29,66,44,-7,1,-13,-1,14,15,0,23,17,-51,10,-11,12,18,12,-5,-8,0,-2,7,-3,6,8,6,9,4,4,8,4,2,0,11,18,-8,4,-4,2,3,-7,1,-4,2,0,-7,10,5,14,5,-14,-6,8,-8,4,-4,-14,-4,6,7,-6,4,3,0,0,0,1,-1,3,0,-5,-8,9,0,2,1,4,-11,4,0,1,0,5,-12,-6,-4,0,-10,6,1,3,0,-1,0,2,3,-8,0,1,8,cat
-37,4,-38,-7,0,3,1,-3,0,6,21,-13,-2,-1,1,0,0,0,2,-1,0,1,9,3,1,0,0,0,-2,0,1,-6,0,15,-63,-1,1,-2,-3,2,-2,4,-3,-4,-9,-23,5,-7,2,-2,0,-1,-2,4,0,0,6,-6,-1,-3,4,1,1,0,0,0,-2,0,5,0,1,-1,0,0,0,-1,0,1,2,0,4,1,0,0,-1,-1,-1,0,0,-3,-1,0,0,2,0,0,-1,-1,-1,0,0,-3,-4,1,-3,0,0,0,0,0,0,0,-1,2,-1,-1,0,0,0,0,0,0,0,0,1,-2,-2,0,0,0,0,0,0,0,0,0,0,0,0,0,0,0,0,0,0,0,0,0,0,0,0,cat
0,2,0,0,-4,-5,7,-8,-6,-8,-11,-14,38,0,-14,-8,31,145,231,-38,-3,6,-3,0,5,23,-13,20,-48,-77,-40,56,-81,47,-48,21,-84,3,7,4,3,-22,-16,-36,-56,29,-6,-63,63,55,53,29,-4,32,60,44,-11,6,19,-24,3,1,-44,-32,-36,0,-10,-3,18,4,-2,7,-20,-2,-14,0,5,2,-15,-3,12,2,0,0,0,-5,7,-6,5,-3,1,0,3,7,0,-1,0,0,2,0,0,2,-3,0,-1,-4,2,4,2,11,-3,-3,3,2,2,-10,-3,-3,1,-1,-4,6,1,5,0,-3,-3,1,4,-1,3,0,-1,0,1,-6,-1,-2,-3,-3,2,-5,0,0,-1,-2,0,0,0,-2,-1,cat
179,63,12,-12,-1,-9,-11,-11,6,4,-14,3,-12,-5,-2,0,-28,176,-10,-3,9,-14,-10,3,1,-2,3,-2,-2,1,1,-2,-2,1,-9,4,-1,0,0,-1,1,3,0,-3,0,-1,-3,-2,1,0,0,0,0,0,0,-1,0,1,-1,0,1,0,-1,0,0,0,0,0,0,0,0,0,0,0,0,0,0,0,0,0,1,0,0,0,0,0,0,0,0,0,0,0,0,0,0,0,0,-1,0,0,0,0,0,0,0,0,0,0,0,0,0,0,0,0,0,0,0,0,0,0,0,0,0,0,0,0,0,0,0,0,0,0,0,0,0,0,0,0,0,0,0,0,0,0,0,0,0,0,0,0,0,cat
-681,-37,-10,9,1,-2,4,-20,-34,-22,-4,2,-3,-13,-4,1,2,4,0,-15,-3,-8,8,-11,5,0,-4,2,0,-15,14,8,20,-2,2,-1,56,33,-38,-2,10,52,-1,26,21,37,-22,-52,14,10,0,0,-1,8,-31,48,5,-25,-14,-15,-21,0,-15,8,-25,-5,-2,-4,3,6,2,-6,-3,-5,-4,-14,3,2,-5,-2,-8,22,-6,1,7,-15,14,1,-22,32,9,13,-17,8,0,-5,-22,2,2,2,-4,-17,-13,-3,10,-18,1,-7,8,-2,0,-9,9,-12,-6,0,0,12,-6,-1,-4,-11,-2,1,7,7,5,-5,-8,-16,8,-15,0,16,9,10,-21,0,3,-4,7,-2,6,1,0,-3,-3,-2,3,2,-1,cat
1,21,-67,-21,-103,16,28,-24,-30,45,-87,18,21,-22,-8,-3,-46,-73,2,48,-25,-19,0,14,-15,-41,-69,25,5,160,-45,13,-6,-19,-54,7,-36,-29,-2,-34,0,91,-5,35,-23,-1,10,-28,5,0,14,-15,-13,-1,-4,1,-13,7,0,6,5,-5,21,-9,-6,-13,-5,-4,-3,-3,4,6,-2,-15,-10,-3,1,-6,-6,-1,3,-1,0,-1,-2,-1,5,3,8,3,2,-4,0,-3,0,-1,2,-3,2,-3,0,2,0,-1,1,-4,0,0,1,3,1,0,-3,0,1,-1,-2,2,-1,-2,-1,-1,3,3,1,-1,7,2,1,-1,0,-2,4,-4,0,1,1,-2,3,1,1,0,0,0,-2,-1,-3,-6,0,-5,4,cat
0,-6,-1,0,7,2,41,51,-35,-26,0,-3,0,3,-13,-5,16,9,32,-12,0,19,3,-19,2,-21,-3,0,16,2,-14,-3,7,0,3,-24,1,1,-7,-4,-8,14,16,-4,-14,0,13,-15,0,-6,3,34,-9,-3,-11,-1,-1,0,1,1,-2,-6,0,0,0,0,2,2,-7,0,0,0,3,0,1,-3,0,2,-1,-1,0,0,0,0,-1,2,0,2,0,0,0,0,3,-1,4,0,1,0,-1,0,0,0,1,-4,2,3,2,1,-10,0,2,-2,-3,-1,2,7,0,-1,0,3,0,0,0,0,3,1,0,0,0,0,0,0,0,0,0,0,0,0,0,0,0,0,0,0,0,0,0,0,0,0,0,cat
21,16,1,0,0,2,3,-3,3,3,0,2,8,-1,1,-3,-3,3,0,8,4,7,-12,5,21,-1,1,-1,0,0,-2,-3,18,34,55,41,35,0,0,-1,1,4,1,0,-31,-46,25,112,3,-16,-1,2,2,1,-5,50,24,0,17,29,-28,-38,1,0,-3,0,-1,-1,-8,-9,1,-2,-7,7,0,0,0,3,0,4,2,0,4,8,1,-3,0,0,-1,1,1,-5,0,-1,-4,-5,-2,-7,2,1,0,0,-8,-1,-2,0,-8,0,-1,0,-1,0,0,-1,0,-1,-1,0,1,1,0,1,-1,0,-1,0,0,0,0,0,-1,0,0,0,0,0,0,0,0,0,0,0,0,0,0,0,0,0,0,0,0,cat
0,0,0,-1,0,1,19,-9,-316,-121,6,-12,-3,29,4,-23,-110,-15,-2,0,-15,-24,-9,-24,-82,-13,7,41,17,-112,32,-22,0,-1,1,-6,25,-28,6,-6,-8,-4,-3,0,-2,-6,4,-2,0,0,1,-10,3,-6,0,0,-4,0,3,2,-2,0,-7,-6,-4,1,-12,3,1,-3,0,2,0,-4,0,9,1,-2,0,0,5,-2,14,-2,-8,9,2,0,-13,-11,0,1,1,-1,1,2,-2,0,-2,1,0,0,0,0,0,0,0,0,0,0,0,0,0,0,0,0,0,0,0,0,0,0,0,0,0,0,0,0,0,0,0,0,0,0,0,0,0,0,0,0,0,0,0,0,0,0,0,0,0,0,0,cat
0,0,1,5,-13,5,0,10,-9,-4,-1,-9,2,-5,-15,-33,137,78,0,-10,-5,-22,1,1,-12,-46,3,3,10,-18,-22,5,24,16,-12,-1,21,-8,-4,9,-28,-8,-47,30,-19,0,-29,10,-2,1,-7,-1,0,0,-1,3,-5,-2,0,-3,0,-1,0,0,-1,0,0,0,0,-1,0,0,0,0,0,0,0,0,0,0,0,0,0,0,0,0,1,0,0,0,0,0,0,0,0,0,1,0,0,0,0,0,0,0,0,-2,1,-1,0,0,0,0,0,-1,0,0,-2,0,0,0,0,1,0,0,1,0,0,0,-1,0,1,0,0,0,0,0,0,0,0,0,0,0,0,0,0,0,0,0,0,0,0,cat
1,-1,10,10,-22,40,-73,-44,-9,18,-7,23,-17,-51,14,-42,4,4,10,-71,-38,37,-11,69,-18,41,-24,-146,-133,-113,-16,-103,8,-76,-70,13,5,-37,-26,-65,-31,2,-34,7,-9,6,4,-12,-6,-10,11,2,12,-10,20,5,-1,-2,-2,14,-2,-7,0,-7,-13,35,-2,-9,13,-5,37,1,0,3,-18,12,-21,-17,22,-11,-10,-7,6,-30,13,20,-12,-12,12,-23,-9,-11,31,13,-4,-1,-4,-5,5,7,11,-11,11,-21,3,-8,3,-9,-8,19,-5,1,1,3,14,8,-2,-9,1,2,4,-1,1,4,4,-13,-1,-5,1,0,1,3,3,0,0,-6,0,3,-9,4,-3,-2,1,3,-4,-1,-3,-3,3,-1,1,cat
27,58,28,-35,1,2,0,-6,5,11,-2,5,-17,0,11,3,-4,6,-5,-15,34,-18,-11,-25,111,7,0,9,2,-1,1,35,-10,-33,-10,-52,-108,113,-2,27,29,-19,66,10,-3,5,-3,-77,59,11,-31,-6,-14,-3,-1,0,5,-19,6,6,31,47,-3,8,-3,1,6,-5,1,-4,-5,17,18,6,-34,8,-5,-10,-11,5,-5,-12,-8,-1,8,5,15,2,0,-3,-3,-6,3,11,0,6,-4,2,4,-4,-4,1,0,-3,0,1,0,-3,-3,1,3,-1,-1,1,-1,2,1,0,-2,-2,0,0,0,0,0,0,-1,-2,0,-1,-1,0,-3,2,0,-3,-3,0,0,-3,0,-1,-2,-1,-1,-2,1,3,1,-1,0,cat
29,5,13,464,45,-19,54,-26,96,-1,-65,104,-229,82,9,94,116,-3,2,-24,0,40,-3,-10,-8,-40,13,33,-72,63,-14,10,-192,-7,-3,-2,19,10,-114,-140,-22,19,-3,24,3,6,7,11,5,2,-12,7,2,9,-17,2,-3,16,0,10,-4,-12,1,-5,0,-5,0,-1,4,11,-7,6,-7,5,5,6,-23,-7,1,-17,-4,2,6,-17,15,1,-5,-2,-10,-8,-3,3,0,13,12,-2,6,3,-7,1,-4,-9,3,3,1,0,14,-1,5,-1,0,1,-1,-3,-5,7,-5,-1,-9,2,7,4,-3,-1,0,-1,-7,-5,1,-4,5,1,-3,2,-5,0,2,-9,-6,11,0,-4,2,-2,-5,3,-4,-2,0,3,4,cat
-588,2,-54,17,4,-4,-1,-12,-3,-3,-2,-1,-1,-9,-2,-3,-5,-8,4,-6,-1,5,5,1,2,-6,6,4,0,0,-1,-1,5,6,-10,-9,6,1,-22,4,24,5,2,0,16,26,-5,-35,27,5,0,-15,-12,-8,-8,44,-1,-27,-13,-11,-28,-2,-26,8,-19,-5,0,-4,-3,3,2,-7,-2,-2,5,-7,6,1,-1,-3,-6,18,-8,3,6,-16,12,-3,-20,30,5,17,-11,16,1,-6,-20,12,2,-10,-8,-10,-9,-3,8,-16,0,-4,5,-3,3,-9,3,-8,-1,-5,-1,7,-6,0,-2,-5,-4,-4,2,0,-1,-4,-2,-9,-3,-17,-9,16,7,0,-12,-2,0,-1,4,0,1,1,2,0,0,-2,2,1,4,cat
-19,-140,-59,43,-20,-27,0,-3,2,0,-13,-4,1,0,-5,-2,-4,1,1,1,-1,0,-4,0,-4,3,0,0,0,0,2,0,0,0,1,0,0,0,0,0,0,0,0,0,1,-1,0,0,0,0,0,1,0,0,-1,0,0,0,0,0,0,0,0,0,0,0,0,0,0,0,0,0,0,0,0,0,0,0,0,0,0,0,0,0,0,0,0,0,0,0,0,0,0,0,0,0,0,0,0,0,0,0,0,0,0,0,0,0,0,0,0,0,0,0,0,0,0,0,0,0,0,0,0,0,0,0,0,0,0,0,0,0,0,0,0,0,0,0,0,0,0,0,0,0,0,0,0,0,0,0,0,cat
23,13,-34,6,-4,-11,0,19,69,-79,92,2,19,-4,8,21,38,-68,1,87,-42,62,41,35,-7,-39,-24,3,41,76,-10,-40,26,-14,-93,-177,57,28,-33,31,29,-7,40,-51,-39,-33,-30,-42,60,22,-15,24,-34,-27,-25,-49,-5,-34,-7,0,-4,0,-2,6,-7,-11,18,8,-9,21,-29,-2,4,-6,-7,10,-9,11,4,9,1,-1,-12,-14,-4,2,6,1,-1,1,-12,-11,2,17,11,-8,0,-5,-9,-4,-13,26,0,-15,6,-1,-1,0,0,1,6,-8,-1,-2,0,0,3,1,-1,7,3,-1,1,0,-3,-5,4,-2,-8,0,2,1,0,4,-3,0,1,2,1,-1,0,0,0,0,-1,0,2,0,0,1,0,cat
0,0,3,0,3,24,23,22,83,12,25,-40,13,-61,-169,69,-323,-59,2,3,-5,38,-50,113,84,-8,0,34,-3,-20,-2,14,-115,2,-19,-23,-4,49,-31,-42,50,-40,11,7,5,1,2,-2,-2,2,-4,3,0,-2,0,0,0,2,-2,-6,-5,-3,0,-1,-4,-7,0,-1,0,-4,6,0,0,23,-1,-3,-6,6,5,0,3,5,-1,0,4,2,1,-3,1,-1,-3,-1,0,0,0,1,0,1,1,2,0,1,3,0,-2,-2,0,-1,3,-2,1,0,4,-3,-4,-2,-1,0,0,-2,-1,0,-3,0,0,0,-2,0,0,-1,-1,-1,2,0,0,0,0,0,0,0,0,0,0,0,0,1,-1,0,0,0,0,cat
39,-20,-14,51,24,24,-20,-9,10,-16,5,-17,6,-6,-22,-1,5,2,10,-33,0,36,-3,-21,-1,-26,29,-14,-3,-45,53,23,3,-23,-8,-67,23,-2,-4,11,40,22,6,-1,-29,-3,10,-17,-21,19,-30,91,4,17,16,-16,18,-2,0,2,8,-11,-4,0,0,-11,1,8,2,2,7,-6,1,6,-6,23,0,6,-4,-4,0,-2,-10,7,-6,-2,0,3,-1,-2,-5,-4,-3,-3,-3,8,-1,-7,3,7,-10,8,0,-5,-1,-12,2,8,-12,1,4,0,1,1,1,4,0,5,0,1,-1,-2,-3,-3,3,0,0,-2,-1,-3,-1,0,-1,0,0,0,0,1,0,-1,-2,0,0,0,0,0,0,0,0,0,-1,cat
-235,45,-17,5,11,-5,-23,-54,9,15,17,0,-10,-26,-27,-26,-1,12,-9,-14,1,6,-21,-8,6,-1,-1,2,-2,-10,-2,-6,12,-3,9,-30,-36,17,-18,-12,8,-23,8,36,17,-4,1,7,-5,-6,6,6,0,-25,2,-2,10,-2,1,3,4,-9,-4,8,2,6,-6,8,-1,-2,2,0,1,0,-4,0,1,6,-3,3,-16,0,2,-2,-2,-8,-5,1,0,-2,-10,-3,-5,-3,2,5,-3,0,-4,3,0,-4,-8,2,0,-1,4,-1,1,-1,2,0,1,0,0,0,0,0,0,0,-1,1,-2,-2,1,0,-1,-1,1,1,1,2,0,1,-3,0,0,0,-1,1,0,0,-1,-1,0,-1,0,0,0,0,-2,cat
-1,2,-9,-49,58,113,-3,-16,24,-45,-188,-9,-37,163,132,255,175,78,74,59,-110,29,-50,141,4,-129,21,124,327,0,5,134,-25,14,49,7,-34,18,-35,-57,-5,-11,27,-33,-28,7,1,-1,23,0,-4,5,22,-24,-10,-15,-13,84,-2,1,-12,11,3,32,41,0,-5,-18,16,-1,-4,13,8,-5,-21,0,-7,-27,11,14,20,4,17,9,6,15,29,0,5,-1,12,-3,-10,3,-5,14,5,-4,-1,1,6,13,29,-8,0,3,8,2,-7,0,2,6,3,5,10,-2,-3,2,3,-2,0,1,10,-5,-4,6,4,0,-2,1,4,0,2,0,2,0,1,1,-5,0,0,2,0,0,4,0,-3,2,1,0,1,cat
-8,-11,-20,0,-2,-7,31,-190,-118,-18,4,5,0,11,-38,90,-67,97,-29,-110,-34,10,-21,11,11,13,10,-25,19,-13,-6,-16,7,2,-12,-7,-7,-4,1,-5,-13,-5,-1,10,12,9,5,0,-3,-6,7,3,3,4,-4,0,0,0,0,0,-1,3,-3,0,1,4,0,0,0,-6,12,-2,2,-3,0,2,-1,6,9,-6,13,0,-4,-4,0,0,0,4,-3,0,-2,3,0,0,1,0,1,-1,1,1,1,-1,-1,-1,-2,1,2,1,1,0,-1,3,0,0,0,0,0,0,-1,0,0,0,1,0,0,-1,0,0,0,0,0,0,0,0,0,0,0,0,0,0,0,0,0,0,0,0,0,0,0,0,0,cat
-29,66,38,-9,9,13,3,-36,-17,5,4,2,1,2,-4,-9,-3,17,2,-6,1,12,-9,2,-1,-2,-11,2,2,2,14,6,12,-3,9,-3,-3,4,-15,-1,-7,-12,-17,-5,-22,6,1,0,-5,2,-19,-10,9,9,-3,-3,-11,-12,12,-16,-6,19,-1,-5,0,4,0,1,1,-7,-2,0,2,0,-2,-1,-2,-9,1,4,-5,16,11,-6,-10,16,3,4,3,0,-9,-2,1,7,7,-2,0,0,4,0,10,-2,-5,-7,-3,-3,-7,-1,-8,0,-3,-9,0,-1,5,-2,-3,7,-2,4,0,-2,-5,1,2,-2,2,-2,-4,10,-13,2,0,-4,-4,-5,-2,6,-2,-6,3,12,0,0,-2,6,0,1,1,-2,-4,cat
-62,56,62,2,-21,0,-17,-3,3,-3,-2,0,6,7,-7,4,-2,7,0,7,2,7,0,-2,-1,-1,7,-1,8,3,3,-4,-2,2,5,2,-3,3,-4,9,7,1,2,3,0,0,6,0,0,-3,-3,2,2,-5,6,-1,-5,4,1,-8,7,5,-6,-14,-5,2,0,-4,3,5,-1,-1,2,-3,2,2,-1,1,0,0,0,-3,0,1,0,0,-1,-1,0,0,0,1,0,0,-1,0,0,2,0,-1,0,0,0,0,-1,0,0,0,-1,0,-2,0,-1,0,0,1,0,0,0,0,0,0,-1,0,-1,0,0,0,0,0,0,0,0,0,0,0,0,0,0,0,0,0,0,0,0,0,0,0,0,0,0,cat
0,-127,-93,-98,-43,35,13,-16,3,-18,10,-13,-21,-6,10,2,-9,-54,3,-11,17,5,-13,-22,-13,-13,10,19,31,15,-2,5,-26,-32,3,14,-33,-11,5,-47,71,-37,10,-11,27,37,16,-17,0,25,-7,-26,-15,7,17,23,33,-13,5,2,-17,6,-4,1,-19,-4,-1,8,-8,-1,-5,2,5,-3,4,21,2,-6,4,3,0,-1,6,0,13,0,-5,-7,-4,1,-3,2,3,5,7,2,2,-4,1,0,2,4,-2,0,0,0,0,-4,0,-1,1,-4,1,1,7,3,1,-3,-1,5,-6,-7,-1,1,-3,-5,0,2,-1,0,1,0,1,3,0,1,3,0,0,0,0,0,0,0,0,0,0,0,0,0,0,cat
1,-1,0,3,0,0,0,1,0,1,3,-2,-3,-7,-18,-17,-11,16,-11,-24,12,32,0,14,-2,11,6,-9,33,69,-42,-16,27,-4,-10,18,-51,12,54,-24,43,5,0,1,-25,1,-22,8,1,-15,29,0,6,9,-4,5,-33,-37,0,8,-6,0,-15,-1,12,-2,-1,2,-2,4,2,0,4,-2,0,-1,2,0,-4,3,-3,-1,1,1,2,-1,-2,0,0,-2,0,1,-4,5,0,3,-3,0,2,-1,-2,-4,-4,4,3,0,1,0,-2,-1,0,3,0,0,3,-3,0,2,0,4,0,0,0,0,0,0,0,0,0,0,0,0,0,0,-1,-1,1,0,1,0,0,0,0,0,0,0,0,0,0,0,0,cat
-3,29,-41,27,-25,-5,17,21,-7,57,-27,-13,-6,0,0,0,-5,-21,-25,43,33,-5,14,9,-1,22,11,5,-10,-1,-3,-2,-19,-28,-9,7,-4,-13,-10,8,-3,-22,0,2,7,16,-13,-1,-9,-17,-9,-4,20,-5,6,-1,1,2,-2,2,-5,4,4,-7,9,0,-11,-3,-2,-11,6,-1,-11,-7,-1,0,-4,4,14,8,11,9,4,5,0,2,-2,-2,-2,0,0,2,2,1,3,0,0,0,-2,0,0,0,0,-1,-2,0,0,0,0,-1,-1,-2,-2,1,0,1,1,0,-2,1,1,0,0,0,0,0,-2,-1,0,0,1,0,0,0,0,-1,1,1,3,-1,0,-2,0,0,0,0,0,0,0,1,1,cat
0,-2,-5,-1,0,9,-11,10,1,14,-6,13,-11,-8,-13,-34,-30,-2,-11,1,-6,-23,13,-43,-16,31,-2,-87,112,17,4,-15,-22,-14,-1,0,10,34,-1,-69,53,-8,6,-34,-35,-1,-27,-22,69,-15,11,11,105,32,9,38,9,6,-1,2,10,-1,12,-14,12,11,-12,-25,-12,-2,7,-3,3,0,1,0,1,2,-1,1,-3,0,-3,0,0,-3,-3,-4,-1,0,1,-12,0,1,1,4,0,3,0,-6,1,-1,3,5,-2,-1,-10,-1,3,1,-2,1,-4,-1,-2,0,1,0,3,0,0,0,-1,0,0,0,0,0,0,0,0,0,0,0,0,0,0,0,0,0,0,0,0,0,0,0,0,0,0,0,0,cat
-3,0,0,0,0,0,0,0,0,0,0,0,-84,7,4,8,-1,0,0,0,0,2,-4,0,-5,-27,0,6,0,-2,0,0,-46,31,11,66,-150,165,-35,17,-35,11,-6,-7,-1,-1,-3,56,12,-3,3,-2,3,3,4,0,4,-1,0,-9,0,-5,-3,1,0,1,0,-2,1,1,0,-3,-3,-2,-2,1,0,-2,0,0,0,1,0,-1,0,0,0,-1,0,0,0,0,0,0,0,0,0,0,0,0,0,0,0,0,0,0,0,0,0,0,0,0,0,0,0,0,0,0,0,0,0,0,0,0,0,0,0,0,0,0,0,0,0,0,0,0,0,0,0,0,0,0,0,0,0,0,0,0,0,0,0,cat
-9,10,7,-3,-31,31,109,108,90,9,47,-30,208,38,52,-94,-31,220,71,93,-19,29,-52,-20,32,49,7,-86,79,71,116,-39,-21,79,101,-34,-31,-99,80,14,23,-2,-73,54,-6,4,-24,31,12,-18,2,-4,-9,7,9,-4,-9,7,10,-3,-4,2,0,2,-5,10,3,9,7,6,9,5,-7,3,11,0,3,-11,7,6,1,4,1,9,2,0,2,-6,0,-3,1,-11,4,2,1,11,4,-13,0,5,5,0,-8,0,3,-4,-6,-3,4,0,6,4,0,5,2,-2,-6,0,0,-3,-1,2,0,-3,0,0,-1,0,-2,0,1,2,0,1,1,0,0,0,0,0,1,0,0,0,0,0,0,0,0,0,0,cat
-10,-17,5,4,-1,-4,-21,-19,2,9,46,0,-4,-30,50,-13,2,11,35,-26,-11,0,29,9,0,-1,-6,-28,3,17,-12,-5,-7,-11,-40,10,0,-3,8,-14,-9,-24,11,-5,6,0,14,-23,13,15,-15,-1,-8,-10,-10,-7,19,-4,-3,-7,0,0,-2,-1,-1,-2,5,4,0,5,14,0,0,-1,8,-2,-5,3,-4,-3,-2,-2,-1,-1,5,-1,-5,-1,3,3,-2,4,6,0,2,-2,-1,5,0,2,0,0,-1,-2,0,-5,0,0,1,-1,0,-1,-1,1,-1,0,0,-5,2,-2,-2,-1,0,0,-2,0,0,0,0,0,0,0,0,-3,-1,3,0,1,2,0,4,0,0,0,1,1,-1,0,0,0,0,cat
-1,9,9,19,1,-23,24,-104,-51,-10,1,4,-5,1,4,-7,18,-38,26,-10,-4,0,-28,-3,-3,-1,4,-4,-21,5,-11,7,1,-8,1,1,5,-1,0,1,2,-6,1,6,0,-3,-2,2,3,1,0,-1,0,1,2,1,2,0,1,0,2,1,-2,-1,-1,0,4,1,0,-4,6,-3,3,1,-3,2,1,-2,1,0,0,0,-2,0,-3,-1,0,-3,0,0,0,1,1,0,0,0,1,0,0,0,0,0,0,0,0,0,0,0,0,1,0,2,0,1,0,-1,-1,0,0,0,0,1,3,0,0,-1,0,0,0,1,0,-2,0,2,0,0,1,0,0,1,-1,0,0,0,0,0,0,0,0,0,0,cat
-12,21,-52,-16,-17,25,7,-11,-5,-11,-2,18,-7,18,17,10,-28,-8,-5,-3,-55,40,-32,6,11,-8,-13,8,41,59,73,287,287,35,-16,-10,-14,-24,5,-1,-89,-1,31,28,25,-37,97,-117,125,59,-5,149,-57,13,-5,-2,22,-3,0,8,-2,48,50,41,53,13,0,-6,-1,12,-7,-33,1,4,4,0,-6,10,9,0,-47,-4,8,-1,6,-1,-4,-2,-19,-2,-1,1,4,-1,-5,13,3,16,-2,7,2,-2,1,0,0,-6,-3,-7,5,7,1,-5,11,11,0,0,-6,-10,-3,5,-1,0,-1,-6,1,0,-4,-6,5,2,0,-4,-2,1,2,0,1,2,2,3,-9,-3,7,-5,0,-5,-5,-1,0,-4,0,cat
-8,-25,-2,-12,7,-6,-7,-3,1,-7,24,14,-4,4,4,-5,0,-3,7,18,-8,150,-12,8,-1,1,-2,3,-1,-4,-8,69,-5,-13,2,-1,-2,-1,1,4,0,0,18,-5,-2,20,3,-3,3,-1,5,-8,-6,-3,1,3,5,2,-1,0,-3,1,-1,0,0,1,1,0,1,0,1,-1,0,2,3,0,0,0,-1,-2,-3,1,-2,8,3,-6,0,0,0,-1,-2,0,0,-3,4,5,0,0,1,0,1,0,3,0,1,-2,0,0,1,2,0,-1,0,2,-1,2,-3,0,-2,0,0,-2,0,-1,-2,0,0,1,0,0,0,0,0,1,0,-1,2,0,0,0,-1,0,0,0,0,0,0,-1,-1,0,0,cat
-1,-3,-3,3,7,4,-9,1,0,-2,13,63,-1,-8,3,-3,-11,7,0,1,0,-14,237,-92,26,0,-2,0,4,1,3,4,3,-10,-180,10,26,-5,1,1,0,-11,7,-23,10,-43,51,10,-110,2,5,-3,-8,0,-1,-4,-3,7,8,55,43,-13,32,-40,-27,1,6,-3,-12,17,5,17,10,4,0,-7,0,-11,2,-8,2,4,-3,5,7,0,0,-1,0,0,2,-2,-1,1,4,-3,11,2,0,8,8,5,7,-5,2,2,5,4,3,1,3,0,1,0,-1,-1,-3,-1,6,-6,2,3,1,3,0,-1,0,1,0,0,3,1,0,0,-2,0,-1,0,0,-1,0,1,0,0,-1,0,0,0,0,0,0,cat
2,0,-1,0,4,4,-23,85,52,6,45,8,-7,0,10,126,-91,45,34,-15,5,255,34,56,-45,19,-19,-24,34,-6,71,32,-35,-63,-8,9,1,-18,6,-7,-28,33,7,5,26,34,11,-7,14,-26,21,2,-22,-31,-22,0,-10,-5,6,2,-1,-10,21,-3,10,-6,-31,-7,1,-2,-2,-21,4,15,-15,-32,-28,-111,-2,-11,-3,-23,-68,28,44,19,-13,18,4,1,-8,-2,0,1,0,2,0,3,-1,-4,-1,2,1,1,-1,2,4,3,0,-13,-3,5,4,-10,3,3,-2,5,1,-1,-16,-9,15,8,0,0,-9,6,-1,-2,-6,-3,-3,0,1,0,1,1,4,1,-3,3,0,-3,0,-1,0,0,0,0,0,cat
0,0,-7,-27,-72,16,3,-75,90,-309,-72,-95,207,143,23,-83,-7,4,25,-22,69,53,75,0,-53,18,-72,-73,16,-25,-21,52,-38,-49,-42,-84,22,-49,-28,12,34,-46,28,33,-8,-171,16,-2,23,-16,4,-34,0,-20,37,8,-51,12,-13,-5,-27,3,11,-9,-6,-2,7,-8,7,2,7,-6,0,-1,3,2,5,1,-7,-3,-5,2,-4,1,1,-6,4,0,0,1,1,2,2,0,0,1,0,0,0,0,0,0,0,-1,0,0,1,2,1,-1,0,-2,2,2,-2,-1,0,0,0,0,1,0,1,0,0,-1,-3,0,1,0,-2,2,1,0,-1,0,0,0,0,0,0,0,1,0,0,0,-1,0,0,0,0,cat
0,-1,0,1,0,-5,0,0,3,9,0,-13,-12,82,75,64,18,3,-16,5,-2,15,-6,2,-6,-20,32,26,-40,-63,-52,35,0,-6,-6,-3,-18,4,-6,14,-10,26,19,-9,-22,24,-41,25,18,10,-21,34,11,4,5,6,-59,-40,-19,71,-2,8,-21,0,13,-13,1,7,9,0,19,4,7,-9,-4,-3,5,1,4,-5,1,0,-6,5,-6,-5,3,0,14,2,1,6,-6,7,1,-1,0,0,0,2,0,-1,2,5,-3,2,-8,-1,-1,4,0,-2,3,-1,-2,0,1,0,2,0,-1,1,0,0,0,-1,0,1,0,0,3,-1,1,-1,-3,-5,0,0,3,-1,5,-3,-7,2,1,-3,1,4,0,2,2,cat
39,-2,34,30,4,5,4,-3,81,-87,7,27,37,1,19,-16,25,95,-5,10,-5,-1,-12,5,9,-8,-5,3,-1,0,-2,2,-5,29,-2,-1,-2,0,2,0,0,2,2,-2,-3,1,-4,-4,3,-5,0,3,0,0,3,-3,-1,0,-3,0,6,0,4,-6,-5,0,4,-1,3,0,-5,1,-1,0,3,-1,0,0,0,0,0,0,0,-1,1,-1,0,-1,0,0,1,1,-3,-4,0,-2,-1,1,-1,-3,0,0,2,0,0,0,0,0,-4,1,3,-1,1,1,0,2,-2,0,-4,5,-1,-1,-2,-2,0,0,-1,0,0,1,0,-1,2,-1,0,0,0,-1,0,0,0,0,0,1,0,0,-1,0,-1,0,0,cat
4,-6,0,9,0,-7,-44,-96,-34,-9,18,4,4,11,14,181,-71,-47,-59,-110,66,74,22,43,3,-25,4,-7,13,2,21,32,17,-11,14,-26,-24,6,-1,1,-13,-7,4,4,23,-3,2,24,21,-9,13,0,7,-3,5,-2,-7,0,3,1,-3,-6,2,1,1,-1,0,-4,1,-6,-9,-5,0,4,-2,-9,0,6,-8,-6,8,1,3,2,-1,2,1,-1,-3,-2,0,3,0,-6,0,8,-3,0,-1,0,2,-1,1,0,0,7,4,-2,0,0,2,-1,0,3,0,0,-2,0,0,-1,0,1,0,1,0,2,0,0,-2,0,1,0,0,-1,0,0,0,0,0,0,0,0,0,0,0,0,0,0,0,0,0,cat
5,0,-151,-90,-1,-59,131,-26,-60,-3,-8,-20,0,7,-3,2,2,0,5,0,10,10,51,1,-6,0,0,1,0,-3,-1,-5,3,5,0,-6,-2,2,0,-2,0,1,1,0,0,1,0,2,-1,0,1,0,1,0,3,0,0,0,0,0,1,1,0,-1,-2,-1,0,0,0,3,0,2,0,0,0,-1,-1,0,-1,0,0,0,0,1,1,0,-1,0,0,0,-2,1,0,0,-1,7,2,-3,0,-3,-1,0,0,0,0,1,2,0,2,-1,0,0,-1,0,0,0,0,-1,0,0,0,1,0,1,0,0,0,0,0,0,0,0,0,-1,0,0,0,0,0,0,0,0,0,0,0,0,0,0,0,0,0,cat
47,-7,0,1,0,1,1,0,0,0,0,0,1,4,8,104,54,-29,0,0,0,0,0,0,0,0,0,0,1,2,28,17,18,-20,32,0,0,1,0,2,1,-1,1,0,1,13,21,-30,-6,54,5,4,0,0,0,0,-1,0,1,-1,4,-14,-5,12,-50,-25,8,-12,-17,0,1,-2,0,-2,0,2,0,5,0,9,-1,-1,-6,-9,17,11,-1,0,0,1,0,7,-3,-6,-3,0,6,0,0,8,5,-9,3,0,1,0,3,-3,2,0,0,0,0,-1,0,0,2,0,0,0,1,0,0,0,0,0,0,0,0,0,0,0,0,0,0,0,0,0,0,0,0,0,0,0,0,0,0,0,0,0,0,cat
45,23,26,-3,20,11,-5,3,-10,-4,-10,12,-12,-7,34,28,-1,-38,-2,-50,9,2,-2,-35,-14,7,-26,9,0,-18,15,3,-4,-52,31,-24,-40,-7,-30,12,-1,-3,-6,0,7,13,-17,8,0,-9,2,-5,13,4,-7,-4,1,-1,9,4,-1,-3,5,-3,-5,7,12,-5,6,-3,-1,-1,2,-2,-7,4,1,-2,0,-6,-1,3,0,2,-1,2,-1,-1,1,-12,0,0,9,-12,-9,10,-1,-8,-8,-6,-22,5,-14,0,-8,-2,3,6,3,-12,2,-6,-9,5,2,-1,-5,-1,3,-1,1,6,2,0,-1,-2,-1,-2,2,3,0,1,1,0,0,0,1,0,0,0,0,1,0,0,0,0,0,0,0,0,0,cat
-19,4,-4,1,-2,-1,-5,2,-1,1,0,7,6,0,-2,0,-3,-6,1,-1,0,-14,-108,-17,-8,-6,0,0,-2,-1,-3,-3,1,2,226,113,1,-1,-4,5,-1,10,2,-23,-4,39,49,9,-16,6,3,3,-9,-2,0,-3,-3,-5,0,38,-19,18,19,-21,10,7,-8,-9,3,4,-7,-21,-1,-4,-6,-4,0,-4,2,0,-1,-2,0,0,-6,0,-2,1,4,0,4,-18,5,0,-1,-1,0,0,-2,-5,-1,3,2,-2,0,0,1,4,1,-1,0,-2,0,-2,-1,3,1,0,1,-8,-2,3,-1,-1,3,0,0,0,1,-6,-5,1,2,1,1,0,0,0,0,0,0,0,0,0,0,0,0,0,0,0,0,cat
-20,65,21,-16,-2,9,-15,5,9,10,3,6,7,1,-10,3,0,-9,3,1,1,-5,2,-1,-7,8,-3,1,-8,0,1,7,0,6,0,1,-2,12,0,-9,-15,1,-8,-2,8,7,0,11,4,-8,-8,7,8,9,-4,-6,-9,4,5,-11,-9,-8,1,13,12,-1,4,25,0,-10,-12,10,2,9,-1,4,11,14,16,0,-4,1,-8,-15,5,7,1,0,5,5,-6,-10,-3,-2,9,-5,0,4,2,10,6,-1,-7,0,12,0,1,3,-1,9,5,-2,9,-4,-3,-2,-2,4,0,0,-6,0,0,-2,0,-1,-1,0,0,0,0,0,0,0,0,0,0,1,0,0,0,0,0,0,0,0,0,0,0,0,0,cat
-14,29,3,-20,-17,-8,-4,-6,-8,-4,-4,6,-19,-16,7,-1,34,-2,47,23,-37,-204,-152,31,22,-1,14,-6,0,-1,7,0,-3,-2,19,-12,-1,0,4,7,21,-13,-49,-184,-149,-12,-2,15,23,-12,-50,32,-13,-7,-9,2,-1,0,0,0,2,-9,18,-8,10,-15,-85,52,-119,20,20,-1,-12,8,40,53,38,33,-2,-11,-13,13,-16,-5,2,-2,-11,-19,18,-32,-19,-8,-16,9,-36,3,-12,4,-2,-43,-28,-1,-16,-12,-4,-2,-11,-7,-6,1,49,0,-15,10,-3,1,15,2,-1,8,-1,0,4,5,0,3,2,2,4,-5,-4,-4,8,-2,0,-3,2,-1,3,3,-4,1,-2,0,0,1,0,-3,4,-1,0,cat
2,7,-4,26,0,-3,58,-68,14,-206,-60,-24,3,0,27,-76,60,-98,139,110,-51,11,31,-15,16,19,-2,5,5,31,-7,-5,11,-9,2,-5,4,0,2,-9,-1,6,-8,13,-5,1,-5,-21,9,-12,0,-4,4,20,23,3,3,-3,-1,0,0,-1,0,0,0,-2,1,-2,0,-2,-3,4,-1,-3,0,-1,0,0,0,2,-1,0,0,0,0,-1,2,5,0,0,0,0,-1,7,-4,2,-1,-1,-5,2,0,0,-1,-2,-1,-1,-1,-3,3,0,1,-1,0,0,1,-1,1,-1,-1,0,0,1,1,0,-1,1,0,0,0,4,-1,0,-2,-3,0,0,0,-2,-2,-2,0,-1,0,0,0,1,0,0,-1,-1,0,cat
-3,3,0,6,-20,1,-50,45,-15,0,-17,24,1,-44,-1,3,36,5,-7,-26,-41,12,-49,-23,-2,3,19,2,2,16,-12,-2,-3,-7,-6,17,-4,-5,-6,-11,3,5,1,3,10,2,-16,-7,-9,5,2,-4,-3,8,4,3,-3,0,0,11,-3,-3,-3,4,0,2,1,2,0,2,0,0,-1,-2,0,0,0,0,0,0,0,0,0,0,0,0,0,0,0,0,0,0,0,0,0,0,0,0,0,0,0,0,0,0,0,0,0,0,0,0,0,0,0,0,0,0,0,0,0,0,0,0,0,0,0,0,0,0,0,0,0,0,0,0,0,0,0,0,0,0,0,0,0,0,0,0,0,0,0,0,0,cat
0,-3,3,6,0,7,6,18,-15,21,-3,12,-11,-11,21,-10,-5,-11,39,-35,-9,-34,-9,0,-28,0,32,29,2,-21,13,61,-41,14,-6,13,57,6,72,-65,63,98,101,56,3,76,63,48,11,-80,-36,13,25,-51,1,-29,-32,-54,-7,27,1,16,50,46,84,-51,4,-27,10,-27,-15,0,-3,-12,-1,17,10,-3,0,19,-7,-9,-9,-8,6,-14,-2,3,8,1,7,3,-6,-3,0,3,-1,-8,9,7,10,1,6,2,-4,1,0,-1,-5,0,-10,-4,-2,-2,1,-1,4,0,5,-5,2,-3,-4,1,0,-1,0,2,-1,-3,-2,0,0,2,0,3,4,0,3,0,-2,1,-2,0,2,2,0,1,1,0,-1,cat
-2,-8,-42,4,19,-114,-11,2,19,-15,-32,-2,5,-27,0,4,-13,-3,-4,8,9,-3,-18,34,8,11,-26,-14,-5,36,-44,-19,10,3,4,6,-6,11,0,33,2,12,0,1,12,50,-12,37,2,-9,-1,9,7,4,6,-3,-11,3,-4,-8,25,-9,3,0,-1,2,3,3,-2,6,-2,1,1,0,-1,0,-4,-1,1,0,2,0,2,0,0,0,1,-1,-2,-1,0,1,2,-2,0,-2,-2,0,0,0,1,2,0,0,0,1,0,0,-1,0,0,1,0,0,-1,0,0,0,1,1,0,1,1,0,1,0,0,0,0,0,0,0,0,0,0,0,0,0,0,0,0,0,0,0,0,0,0,0,0,0,0,cat
0,-2,-3,0,5,-8,6,12,6,-22,-5,-8,0,9,14,28,-32,36,-33,-14,4,-11,-5,14,17,10,-11,10,-32,-12,-21,-11,-13,45,-51,-18,-16,47,28,16,9,-9,36,0,40,-5,19,-1,25,-28,-12,5,5,8,91,16,13,-25,-1,-49,-10,11,2,-9,3,2,0,-2,-2,-7,0,-8,-4,-8,0,2,0,0,-1,0,-2,8,-2,0,-1,0,0,0,0,0,-2,0,0,0,1,-4,2,-1,0,0,-1,1,-1,-1,-1,-1,-3,0,-4,-2,3,-6,1,-3,4,4,2,2,-8,1,-2,0,3,0,3,-2,-3,2,0,0,0,1,4,-3,0,0,0,1,0,1,0,0,1,1,2,-1,0,-1,1,-1,0,cat
0,-17,6,-9,2,-2,0,1,-1,-1,-1,-1,0,-1,0,1,-1,2,-1,-3,5,-4,745,205,-12,-10,-1,1,5,-1,2,0,0,0,3,0,0,0,1,0,1,3,0,6,-2,4,-2,2,1,0,0,2,0,0,2,0,-1,0,0,0,-6,0,0,-1,0,0,1,0,0,-1,0,0,0,0,0,0,1,0,0,0,0,0,0,0,0,0,-2,0,0,0,0,0,0,0,0,0,0,0,0,0,-1,-1,0,0,0,0,0,0,0,0,0,0,1,0,0,0,0,0,0,0,0,0,0,0,0,0,0,0,0,0,0,0,0,0,0,0,0,0,0,0,0,0,0,0,0,0,0,0,0,0,0,cat
-49,-25,15,30,27,-19,14,-8,0,11,3,14,-2,-8,7,13,-3,-1,4,-12,-23,-3,-12,18,-7,26,0,4,-4,-1,7,5,-2,0,12,15,-66,59,7,3,-7,17,17,1,23,-3,22,-24,0,11,-94,6,1,1,-1,2,11,-6,36,-1,12,-16,82,-8,34,14,-9,8,-3,8,-8,8,3,-18,9,-13,-9,9,-10,-11,10,2,1,0,-2,3,16,-25,-17,3,-2,3,3,-8,-15,11,0,14,13,-4,-3,-3,0,0,0,0,-3,1,-1,1,2,-7,1,2,4,-2,-1,0,0,-4,1,9,2,0,2,3,0,-3,0,-1,1,2,0,0,-4,3,-1,-5,0,-1,-3,0,2,1,0,-2,-1,0,-1,2,0,cat
-14,-3,-5,1,0,0,-14,26,20,-5,-15,0,-10,-19,19,50,3,20,-14,-9,-6,-1,3,15,-5,14,24,7,-16,36,46,-59,4,-31,23,42,38,20,37,30,-44,-25,6,-6,-69,115,-57,-97,115,-12,126,10,-110,88,-2,39,7,29,20,-5,-74,3,-17,7,8,-1,2,1,1,3,0,0,0,1,0,0,0,0,0,0,0,0,0,0,0,0,0,0,0,0,0,0,0,0,0,0,0,0,0,0,0,0,0,0,0,0,0,0,0,0,0,0,0,0,0,0,0,0,0,0,0,0,0,0,0,0,0,0,0,0,0,0,0,0,0,0,0,0,0,0,0,0,0,0,0,0,0,0,0,0,0,cat
-41,63,0,-17,12,4,-5,0,6,9,1,11,9,2,-3,2,3,-9,0,0,0,-4,5,-3,-6,5,2,0,-2,-1,0,6,-5,7,2,-1,-4,5,1,4,-2,1,-6,1,11,2,13,19,-10,0,-5,2,11,-3,-9,-4,0,10,6,-4,-13,3,0,7,8,-11,-2,15,-4,0,0,1,0,5,-2,2,7,10,13,-4,-9,3,-4,-5,2,2,0,-1,-2,0,-4,0,-5,-2,4,-4,5,-1,6,4,0,0,-3,5,3,0,0,2,-2,0,5,0,0,-8,0,0,-1,1,-1,-1,-1,-1,1,-2,1,0,-1,0,0,0,0,-1,0,-1,0,0,0,2,0,0,0,0,0,0,0,0,0,0,0,0,0,cat
170,7,4,0,6,6,-3,5,6,-63,-8,6,-31,65,1,-6,4,26,4,73,8,8,15,-115,17,-21,17,-37,23,18,-4,1,-11,-18,199,26,-23,65,540,0,15,-2,-8,-1,17,3,14,-4,-3,0,5,-4,-4,9,9,-3,-29,11,3,-3,4,1,3,-7,-12,0,7,10,6,4,1,0,0,5,2,0,-3,-11,1,5,3,7,4,-1,-1,0,0,-4,0,-2,3,-1,-1,0,1,-5,0,-3,0,1,3,1,2,13,3,3,3,0,1,3,0,10,5,-6,1,0,5,-1,0,5,0,-4,-2,0,3,9,5,1,5,2,1,0,-2,3,-3,0,-3,-3,0,0,-2,0,0,-1,-1,0,2,0,0,1,1,cat
123,-14,-9,-17,2,5,3,4,4,-7,15,8,-2,5,3,-2,-1,13,-2,279,41,-6,-12,2,2,-3,4,0,-19,2,60,14,-1,0,1,2,0,2,-51,73,11,47,-1,-1,3,-2,-2,-13,44,21,13,-1,-2,-1,-1,2,-14,-5,0,-17,0,28,-4,0,0,3,7,-5,1,0,0,-4,-1,2,0,0,-2,-2,0,0,0,-3,4,-1,-3,0,0,2,0,0,0,0,0,-1,0,1,1,0,-2,0,0,0,1,-2,0,-1,0,2,1,0,0,-3,0,0,0,0,0,-1,0,1,2,-1,-4,0,0,0,-2,2,1,0,-1,-2,4,3,-1,1,-2,-1,0,1,-4,-1,3,8,0,0,0,0,0,-1,0,cat
-9,-15,17,34,-16,-6,-1,7,-20,-46,-58,-4,2,1,6,8,-25,11,8,-19,-36,-10,19,-8,53,-6,-25,-21,-5,-20,19,74,40,11,-4,74,-47,-36,68,-96,-8,22,-64,-38,29,18,-113,-58,11,-24,-8,-45,47,-7,-19,-7,1,16,-6,-7,16,0,29,-9,20,21,-1,-3,-21,-29,7,27,-2,2,0,-30,-4,28,0,22,16,-9,-12,1,28,26,-6,7,1,-8,-36,-5,3,-3,0,5,-8,21,-2,1,7,16,1,2,0,13,3,-7,18,5,6,8,-7,5,5,3,11,16,-5,-7,3,5,15,1,5,10,6,1,-6,3,-7,0,4,-7,0,-3,-5,-4,0,0,-4,3,-3,0,-2,4,0,0,0,-2,-3,cat
-9,0,0,-3,-1,-27,45,8,3,-31,-183,-10,-62,-27,29,0,-1,-47,-19,33,4,13,-4,5,-40,16,-6,9,-3,-6,-12,10,-11,-5,7,5,0,8,-6,0,2,0,0,0,2,1,-2,0,-3,0,-1,0,0,-5,-7,-6,-3,-2,3,5,0,-5,0,0,0,0,0,0,0,0,0,0,0,0,0,0,0,0,0,0,0,0,0,0,0,0,0,0,0,0,0,0,0,0,0,0,0,0,0,0,0,0,0,0,0,0,0,0,0,0,0,0,0,0,0,0,0,0,0,0,0,0,0,0,0,0,0,0,0,0,0,0,0,0,0,0,0,0,0,0,0,0,0,0,0,0,0,0,0,0,0,dog
10,-9,0,-14,-3,115,-48,-22,-8,13,-72,-3,-8,-17,-7,19,-2,4,1,-1,15,15,9,-10,63,12,-30,15,0,-33,30,-2,-9,-2,-10,0,-1,-1,3,-1,0,3,0,1,-4,-2,1,-2,-5,3,2,-1,1,3,-5,-4,-2,0,0,1,-3,-1,-1,0,0,0,0,0,0,0,0,0,0,0,0,0,0,0,0,0,-1,0,0,0,0,0,0,0,0,0,0,0,0,0,0,0,0,0,0,0,0,0,0,0,0,0,0,0,0,0,0,0,0,0,0,0,0,0,0,0,0,0,0,0,0,0,0,0,0,0,0,0,0,0,0,0,0,0,0,0,0,0,0,1,0,0,0,-1,0,0,0,dog
10,0,0,13,16,25,24,-11,13,-11,124,63,-7,8,-16,-1,19,151,26,-43,12,-8,-2,11,-15,13,21,100,14,-5,-5,0,0,-2,0,-1,0,0,0,-1,0,0,0,0,-1,0,0,3,0,9,7,0,3,0,-3,0,0,0,0,0,0,0,0,0,0,0,0,0,0,0,1,0,0,0,1,0,0,0,-1,3,0,0,0,0,0,0,0,0,0,0,0,0,0,0,0,0,0,0,0,0,0,0,0,0,0,0,0,0,0,0,0,0,0,0,0,0,0,0,0,0,0,0,0,0,0,0,0,0,0,0,0,0,0,0,0,0,0,0,0,0,0,0,0,0,-1,0,0,1,0,0,1,dog
-252,-164,113,158,31,10,-25,85,-390,-10,400,-84,-59,-235,-102,-131,-60,-88,-53,68,15,-239,-19,81,-212,-3,-123,-97,21,46,-14,17,26,51,-9,-133,-9,-30,-62,-14,6,-61,0,-30,-18,-22,4,-5,-3,-15,8,-39,21,-12,12,-18,13,-15,39,-8,6,7,-34,6,-5,38,33,-16,1,-9,-3,0,-3,17,10,-1,12,2,2,-5,-1,9,-5,-18,-11,-1,10,5,-10,-10,3,16,-1,-4,0,1,-6,7,-5,5,1,-8,1,13,-1,18,6,3,-10,3,0,17,-2,3,0,-6,-11,1,-14,0,-3,0,-4,-4,4,10,-1,0,10,-52,0,5,-2,-1,-1,5,1,-3,-6,0,-1,-1,7,0,0,0,-4,1,-2,13,0,dog
4,0,0,0,2,-10,3,14,-10,24,58,34,-9,-56,-18,0,0,-4,59,33,11,12,36,6,-23,11,7,-12,-4,11,25,-1,4,-10,13,3,20,7,9,12,-3,4,0,6,-5,-4,-6,4,4,-1,2,-2,4,0,-3,1,-6,2,5,2,6,-4,-7,-1,-1,0,0,0,0,0,2,-1,-1,0,0,0,0,0,0,0,0,0,0,0,0,0,0,0,-1,0,0,0,0,0,0,0,0,0,0,0,0,0,0,0,0,0,0,0,0,0,0,0,0,0,0,0,0,0,0,0,0,0,0,0,0,0,0,0,0,0,0,0,0,0,0,0,0,0,1,-2,1,0,0,-1,0,0,-1,-1,1,0,0,dog
12,1,3,-11,31,-15,21,-29,-21,-40,-156,38,-4,1,14,8,-11,-1,-21,-12,83,-8,16,-28,29,20,12,8,-18,-23,-2,8,18,-10,0,1,-5,0,-1,2,-1,1,0,-6,1,-1,-1,2,-4,2,0,0,-2,3,0,8,-4,-2,2,1,0,-1,0,0,0,0,0,0,0,0,0,0,0,0,0,0,0,0,0,0,0,0,0,0,0,0,0,0,0,0,0,0,0,0,0,0,0,0,0,0,0,0,0,0,0,0,0,0,0,0,0,0,0,0,0,0,0,1,0,0,0,0,0,0,1,0,0,0,0,0,0,0,0,0,0,0,0,0,0,0,0,0,0,0,0,0,0,0,0,-1,0,dog
-107,3,-14,17,-21,-67,120,-44,37,-32,-4,2,8,-7,9,4,17,16,-1,-3,-3,-12,-7,9,11,30,1,-21,9,2,0,-4,6,-4,-5,8,0,0,-5,0,0,9,2,0,-7,-2,-7,3,-1,0,-10,0,0,0,3,5,0,1,-1,-2,-1,-2,1,-2,0,0,0,0,1,-1,1,0,1,1,0,-1,0,0,0,0,0,-4,2,-3,1,0,0,0,0,-2,0,0,0,0,-2,-1,-2,0,0,3,2,0,-2,0,0,0,0,-1,0,0,0,0,1,3,0,0,1,1,1,0,-1,0,1,-1,-1,0,-1,0,2,0,0,-2,-1,0,0,2,-2,2,1,0,2,0,1,-1,0,0,0,0,1,1,0,dog
-1,-3,5,-2,0,0,-1,0,1,13,-7,-3,-4,-10,14,-25,-39,-26,94,-29,-20,19,-66,26,-15,-68,35,35,-3,-9,-17,13,14,0,17,-16,4,11,10,29,17,49,-26,-8,29,-8,-19,14,13,4,15,0,1,0,-7,-2,0,0,7,-2,3,-9,2,-14,2,1,4,-9,-1,-6,3,5,2,3,2,-1,0,-2,-2,-4,0,3,-2,1,3,-3,-1,0,-1,6,2,-1,-2,-1,-3,0,0,0,0,1,-1,0,0,0,0,1,1,0,1,0,-1,-1,0,0,0,1,0,-1,0,-1,0,-1,2,1,0,1,0,-2,0,1,0,0,2,0,2,-2,-2,1,0,1,-4,0,0,-3,0,0,0,0,-2,0,0,dog
-8,-3,0,0,1,2,20,9,26,8,-95,-38,-10,77,-13,-8,24,-22,7,-5,16,-7,-17,-8,21,-1,0,-4,-2,15,27,23,-5,-12,-8,-4,6,6,0,-2,-11,1,-3,1,0,0,-2,0,0,-1,-1,-2,-3,0,0,-2,1,1,0,0,0,0,0,0,0,0,0,0,0,0,0,0,0,0,0,0,0,0,0,0,0,0,0,0,0,0,0,0,0,0,0,0,0,0,0,0,0,0,0,0,0,0,0,0,0,0,0,0,0,0,0,0,0,0,0,0,0,0,0,0,0,0,0,0,0,0,0,0,0,0,0,0,0,0,0,0,0,0,0,0,0,0,0,0,0,0,0,0,0,0,0,dog
0,0,0,0,3,8,-5,-4,-1,3,-6,-7,106,-8,15,-7,20,6,-38,-22,-14,-6,-4,128,-20,29,-7,-46,38,-9,0,-21,0,9,2,-3,-23,-2,10,-12,5,-12,-1,-4,-8,0,-6,-5,3,2,0,0,3,7,1,4,1,1,3,6,0,-2,-5,1,1,0,-5,-2,5,1,-5,-2,-1,1,-2,0,0,0,0,0,0,1,1,0,0,1,-1,1,0,0,-1,-1,-1,0,0,-1,1,0,0,-1,0,-1,0,-1,0,0,0,0,0,0,0,0,0,0,0,0,0,0,0,1,0,0,0,0,0,0,0,0,0,0,0,0,0,0,0,0,0,0,0,0,0,0,0,0,0,0,0,0,0,0,0,dog
0,0,0,0,10,-27,13,-3,9,41,1,-131,-15,-85,49,-5,-14,3,-23,62,-93,-25,-43,5,-5,2,6,17,0,-8,39,8,-16,63,2,-39,8,-3,3,0,4,9,1,-1,0,0,-1,0,1,-3,0,1,3,0,-3,0,-1,-1,4,-1,-1,-1,0,0,0,0,0,0,0,0,0,0,0,0,0,0,0,0,0,0,0,0,0,0,0,1,0,0,0,0,0,0,0,0,0,0,0,0,0,0,0,0,0,0,0,0,0,0,0,0,0,0,0,0,0,0,0,0,0,0,0,0,0,0,0,0,0,0,0,0,0,0,0,0,0,0,0,0,0,0,0,0,0,0,0,0,0,0,0,0,0,dog
8,0,0,0,-5,-227,22,3,-14,-315,21,-957,-38,-17,-33,0,-36,-26,-9,-17,-14,8,-4,20,21,45,27,169,-40,-1,0,0,3,-2,11,-2,1,0,0,0,-1,0,0,0,1,-2,1,-1,1,5,4,6,-3,-2,0,-1,0,0,0,0,0,0,0,0,0,0,0,0,0,0,0,0,0,0,0,0,-3,0,-2,0,1,0,0,0,0,0,0,0,0,0,0,0,0,0,0,0,0,0,0,0,0,0,0,0,0,0,0,0,0,0,0,0,0,0,0,0,0,0,0,0,0,0,0,0,0,0,0,0,0,0,0,0,0,0,0,0,0,0,0,0,0,0,0,0,0,0,0,0,0,0,0,dog
-11,0,0,1,20,14,13,10,14,-15,41,-221,-3,-44,-1,1,1,-9,-19,-69,3,3,-10,1,16,15,-1,2,-15,0,22,-2,-10,1,7,-2,-2,0,3,1,-2,0,0,0,-1,0,0,1,0,2,-1,-1,-2,0,2,-2,0,1,1,0,0,0,0,0,0,0,0,0,0,0,0,0,0,0,0,0,0,0,0,0,0,0,0,0,0,0,0,0,0,0,0,0,0,0,0,0,0,0,0,0,0,0,0,0,0,0,0,0,0,0,0,0,0,0,0,0,0,0,0,0,0,0,0,0,0,0,0,0,0,0,0,0,0,0,0,0,0,0,0,0,0,0,0,0,0,0,0,0,0,0,0,dog
0,-1,-1,5,-9,-2,31,0,14,-12,-50,26,2,15,-13,-2,-5,0,18,-67,30,-9,21,10,-5,1,-2,62,-8,-13,10,-4,3,2,2,0,5,-1,-2,1,0,0,-1,0,0,0,0,1,4,1,0,0,1,5,-3,0,-4,-1,0,0,0,0,0,0,0,0,0,0,0,0,0,0,0,0,0,0,0,0,0,0,0,0,0,0,0,0,0,0,0,0,0,0,0,0,0,0,0,0,0,0,0,0,0,0,0,0,0,0,0,0,0,0,0,0,0,0,0,0,0,0,-1,0,0,0,0,0,0,0,0,0,0,0,0,0,0,0,0,0,0,0,0,0,0,0,0,0,0,0,0,0,0,dog
1,-19,2,10,-13,-4,-1,4,8,-10,-9,-14,-18,0,-9,-28,-96,8,-1,1,5,-3,3,14,0,17,8,20,-77,34,-59,-158,58,144,-107,-13,34,38,27,-9,-14,3,-4,6,-24,-14,62,-53,11,-37,-10,-4,-10,-4,-9,0,1,0,0,-1,0,2,3,-3,10,-11,3,-2,-1,-1,7,4,3,-5,-1,4,6,4,-3,0,2,2,0,-7,-2,0,1,2,-1,0,4,2,0,0,0,0,0,0,3,-3,0,0,-2,-3,1,-7,-3,3,2,0,0,1,-1,-1,2,4,3,5,-2,0,1,0,-1,4,1,-1,0,0,0,0,0,0,0,0,0,0,0,0,0,0,0,0,1,0,0,0,0,1,-1,0,0,dog
-91,14,-1,-15,-5,5,2,-4,0,0,14,-17,85,46,-94,34,0,7,4,2,-58,8,-5,-19,-13,0,4,1,-2,-5,2,6,-3,-26,7,15,1,0,14,-11,-3,-3,-1,2,-2,-1,1,0,2,2,-1,4,1,0,0,0,-1,0,2,-2,-1,0,0,-2,0,2,0,0,0,1,-2,0,3,1,1,0,0,-2,0,-1,0,-1,1,3,0,-3,0,0,0,0,0,2,1,-2,1,0,0,0,0,0,0,0,2,0,0,1,0,1,0,0,0,-1,0,0,2,0,0,0,0,0,0,0,0,0,0,0,0,0,0,0,0,0,0,0,0,0,0,0,0,0,0,0,0,0,0,0,0,0,0,0,0,dog
-19,-45,0,-2,4,-1,-9,-19,3,0,-10,-4,8,-12,-25,27,-27,46,69,64,-3,-129,5,103,-24,57,2,29,-31,-33,-52,92,3,-10,193,-130,71,59,107,-18,25,-9,-14,-17,0,-12,-20,-6,2,10,-1,18,4,0,0,9,-18,13,0,17,-16,-8,11,3,-3,13,-10,9,-5,-10,-2,8,3,-5,5,8,-1,1,0,2,-2,2,1,0,1,-1,0,1,1,-4,-1,0,3,1,1,0,0,-2,-2,3,0,1,0,5,0,1,4,0,-1,-8,2,-2,1,-1,0,2,2,1,0,0,-1,0,0,0,0,-1,-1,0,0,1,1,3,4,0,-2,1,-3,0,1,5,1,-1,-2,0,0,0,1,0,0,1,-1,dog
1,-3,3,0,-23,-22,4,352,482,-40,29,20,226,70,-148,-24,-12,-68,68,8,13,-19,-17,-65,-71,25,10,-24,14,-6,3,-19,-2,-7,-20,6,1,0,17,0,-7,11,0,-1,-2,-5,2,0,-2,2,-2,0,1,5,0,-1,-1,0,0,-1,0,0,0,1,0,-1,-1,0,0,0,0,0,0,0,0,0,0,0,0,0,0,0,0,0,1,0,0,0,0,0,0,0,0,0,0,0,0,0,0,0,0,0,0,0,1,1,2,0,0,0,-1,0,2,2,0,1,0,1,0,0,-1,0,1,-1,0,-1,0,0,0,1,0,0,-1,0,0,-2,0,1,1,-1,1,0,0,0,1,0,0,0,0,0,0,dog
-6,0,0,0,-6,-3,11,2,-14,74,89,-49,99,66,45,-33,-30,17,41,34,-7,13,11,4,22,10,-1,0,-11,-5,-16,16,13,-15,-3,2,-6,3,2,1,2,0,0,0,0,0,0,-1,1,3,1,-4,-6,5,6,2,-3,0,1,2,1,0,0,0,0,0,0,0,0,0,0,0,0,0,0,0,0,0,0,0,0,0,0,0,0,0,0,0,0,0,0,0,0,0,0,0,0,0,0,0,0,0,0,0,0,0,0,0,0,0,0,0,0,0,0,0,0,0,0,0,0,0,0,0,0,0,0,0,0,0,0,0,0,0,0,0,0,0,0,0,0,0,0,0,0,0,0,0,0,0,1,dog
0,0,0,-7,-10,5,-18,-2,22,0,81,39,63,23,10,17,-6,10,4,-90,25,26,-30,28,5,30,-10,-1,-29,-9,-2,-5,26,-10,23,-6,0,-1,5,-11,-1,0,-2,0,2,0,0,1,1,1,0,0,0,-6,0,-6,-2,2,0,2,2,0,-1,0,0,0,0,0,0,0,0,0,0,0,0,0,0,0,0,0,0,0,0,0,0,0,0,0,0,0,0,0,0,0,0,0,0,0,0,0,0,0,0,0,0,0,0,0,0,0,0,0,0,0,0,0,0,0,0,0,0,0,0,0,0,0,0,0,0,0,0,0,0,0,0,0,0,0,-1,0,0,0,0,0,0,0,0,-1,0,1,0,dog
11,-2,0,-4,1,21,0,4,-17,-55,253,27,25,-27,-54,-23,12,-7,69,106,-27,39,-39,10,-2,-19,26,31,-26,-41,-9,16,4,0,3,0,2,-3,-2,0,0,1,1,0,0,1,-3,1,2,2,0,-5,7,0,-1,4,0,0,0,0,0,0,0,0,0,0,0,0,0,0,0,0,0,0,0,0,0,0,0,0,0,0,0,0,0,0,0,0,0,0,0,0,0,0,0,0,0,0,0,0,0,0,0,0,0,0,0,0,0,0,0,0,0,0,0,0,0,0,0,0,0,0,0,0,0,0,0,0,0,0,0,0,0,0,0,0,0,0,0,0,0,0,0,0,1,0,0,-1,0,0,0,dog
-3,0,0,0,2,-25,-32,-11,-3,0,8,446,120,50,14,-30,-8,47,9,65,3,9,5,-7,-33,0,-11,-12,-52,-5,-14,19,0,-3,2,-3,-1,0,2,-7,0,3,-1,1,0,0,0,-1,0,0,-1,2,-3,-1,0,2,0,0,0,0,0,0,0,0,0,0,0,0,0,0,0,0,0,0,0,0,0,0,0,0,0,0,0,0,0,0,0,0,0,0,0,0,0,0,0,0,0,0,0,0,0,0,0,0,0,0,0,0,0,0,0,0,0,0,0,0,0,0,0,0,0,0,0,0,0,0,0,0,0,0,0,0,0,0,0,0,0,0,0,0,0,0,0,0,0,0,0,0,0,0,0,dog
1,-1,1,2,-1,-11,-20,34,2,-67,-51,182,48,-41,20,-37,-15,0,-56,-13,77,6,-33,2,-10,19,11,16,20,23,-15,6,19,-6,0,-12,-6,0,-4,0,-1,2,0,1,0,-3,1,2,3,-1,-7,3,0,3,-2,3,0,-1,1,0,0,0,0,0,0,0,0,0,0,0,0,0,0,0,0,0,0,0,0,0,0,0,0,0,0,0,0,0,0,0,0,0,0,0,0,0,0,0,0,0,0,0,0,0,0,0,0,0,0,0,0,0,0,0,0,0,0,0,0,0,0,0,0,0,0,0,0,0,0,0,0,0,0,0,0,0,0,0,0,0,0,0,0,0,0,0,0,0,0,0,-1,dog
-2,0,0,-1,4,-9,-8,31,-29,-29,-328,58,8,-42,-85,33,-113,-12,8,-8,-26,86,57,-18,2,-46,55,12,8,25,-24,9,14,-2,-5,5,-2,0,8,-2,3,0,-2,3,-4,1,0,11,1,3,-1,3,0,0,0,0,0,0,0,-1,0,1,0,1,0,0,0,0,0,-1,0,0,0,-1,0,0,1,0,0,0,0,0,0,0,0,0,0,0,0,0,0,0,0,0,0,0,0,0,0,0,0,0,0,0,0,0,0,0,0,0,0,0,0,0,0,0,0,0,1,0,0,0,0,0,0,0,0,0,0,0,0,0,0,0,0,0,0,0,0,0,0,0,0,0,0,0,0,0,0,0,0,dog
-12,0,0,5,6,73,-34,18,22,5,-64,76,-20,66,12,0,-63,-214,75,-14,-85,18,-59,14,0,1,-16,22,-12,-9,-8,9,-5,-1,-9,4,3,3,2,1,-2,-1,-2,0,-1,0,0,-2,-4,1,10,-2,3,2,-3,-2,-1,2,0,0,0,0,0,0,0,0,0,0,0,0,0,0,0,0,-1,0,0,0,0,0,0,1,0,0,0,0,0,0,0,0,0,0,0,0,0,0,0,0,0,0,0,0,0,0,0,0,0,0,0,0,0,0,0,0,0,0,0,0,0,0,0,0,0,0,0,0,0,0,0,0,0,0,0,0,0,0,0,0,0,0,0,0,0,0,0,0,0,0,0,0,0,dog
3,0,-1,9,-6,5,0,-10,-7,-6,-33,-2,-2,-7,-28,23,-5,30,13,-30,8,25,11,42,-37,-14,-3,-9,-3,-26,18,-2,-19,6,0,-31,0,-21,6,0,-6,10,2,0,-3,3,2,-3,-3,-2,3,-3,-1,0,-5,-6,-4,-3,3,2,0,0,0,0,-1,1,0,1,0,0,0,0,0,0,0,0,0,0,0,0,0,0,0,0,0,0,0,0,0,0,0,0,0,0,0,0,0,0,0,0,0,0,0,0,0,0,0,0,0,0,0,0,0,0,0,0,0,0,0,0,-1,0,0,0,0,0,0,0,0,0,0,0,0,0,0,0,0,1,0,0,0,-1,0,0,0,0,0,0,0,0,0,dog
0,0,0,5,-2,3,7,-17,-8,78,26,-170,268,18,43,-68,-15,-147,-148,-94,8,-49,23,16,-77,20,26,-2,38,3,14,-49,2,-12,-21,-1,2,-26,0,0,-7,5,-2,-6,-3,19,-8,-9,-2,7,4,-2,-9,8,0,-5,6,1,2,1,0,0,0,1,-1,0,1,2,-1,3,0,2,0,0,-2,0,0,1,0,0,0,0,0,0,0,1,0,0,0,0,0,0,0,0,0,0,0,-1,0,0,0,0,0,0,0,0,0,0,0,0,0,0,0,0,0,0,0,0,0,0,0,0,0,0,0,0,0,0,0,0,0,0,0,0,0,0,0,0,0,0,0,0,0,0,0,0,0,0,0,0,0,dog
24,-5,4,-7,-5,4,-48,40,-53,14,24,-18,184,-55,4,-103,59,33,5,9,18,-14,-14,-27,7,17,-4,23,1,-18,-8,5,8,4,-5,-13,-4,2,-17,-13,33,-23,-3,13,1,1,-2,-1,0,0,1,0,0,1,1,1,-1,-2,0,3,0,0,0,1,1,-1,0,0,0,0,0,0,0,-1,0,0,0,0,0,-2,0,0,0,-2,0,0,0,-1,5,-4,-1,0,0,0,0,0,-2,0,-2,1,0,-2,-1,2,0,0,0,0,0,0,0,-2,0,0,0,2,0,0,0,0,1,0,0,0,0,0,0,0,0,0,0,2,1,0,0,-1,1,0,0,0,0,0,0,0,0,0,0,0,0,0,0,dog
7,0,0,-5,-99,82,-146,7,-116,215,28,183,91,20,-490,5,185,-5,13,-25,42,52,-9,11,7,-28,62,-53,51,67,-4,7,-3,0,1,1,2,-2,2,1,0,-1,-1,-5,0,-1,0,-2,0,-11,2,0,1,0,0,-1,0,0,0,0,0,0,0,0,0,0,0,0,0,0,0,0,0,0,0,0,0,0,-1,-1,-1,0,0,0,0,0,0,0,0,0,0,0,0,0,0,0,0,0,0,0,0,0,0,0,0,0,0,0,0,0,0,0,0,0,0,0,0,0,0,0,0,0,0,0,0,0,0,0,0,0,0,0,1,0,0,0,0,0,0,0,0,0,0,0,0,0,0,0,0,0,0,dog
11,0,0,0,3,-4,-6,-32,-13,-3,3,22,41,-1,174,1,17,-25,-3,20,-21,-19,8,-7,-3,1,7,-13,1,0,1,12,-2,5,-14,23,-4,12,6,3,-4,7,-1,-9,1,-1,-3,-2,0,2,0,5,2,-4,-1,0,0,0,0,0,-1,0,0,1,-1,0,-2,0,0,0,0,0,0,0,0,0,0,0,0,0,0,0,0,0,0,0,0,0,0,0,0,0,0,0,0,0,0,0,0,0,0,0,0,0,0,0,0,0,0,0,0,0,0,0,0,0,0,0,0,0,0,0,0,0,0,0,0,0,0,0,0,0,0,0,0,0,0,0,0,0,0,0,0,0,0,0,0,0,0,0,0,dog
5,0,0,0,0,6,0,4,5,2,605,-51,-21,-12,-40,35,-9,-7,9,0,36,-8,-32,-1,0,1,3,-7,-10,-2,-12,2,-5,12,-13,0,4,0,0,-1,0,0,0,3,-1,0,0,0,0,0,-1,-3,0,-2,2,1,3,0,-3,-2,1,0,0,0,0,0,0,0,0,0,0,0,0,0,0,0,0,0,0,0,0,0,0,0,0,0,0,0,0,0,0,0,0,0,0,0,0,0,0,0,0,0,0,0,0,0,0,0,0,0,0,0,0,0,0,0,0,0,0,0,0,0,0,0,0,0,0,0,0,0,0,0,0,0,0,0,0,0,0,0,0,0,0,0,0,0,0,0,0,0,0,dog
-3,-1,-4,5,12,20,-25,25,351,-13,31,-7,-49,63,-17,19,-28,-15,28,0,-14,9,-7,1,3,-1,3,8,18,-8,3,-6,0,1,-1,0,-5,-1,-3,-3,0,5,-1,-1,-2,0,1,0,1,0,0,0,0,0,0,0,-1,0,0,0,0,0,0,0,0,0,0,0,0,0,0,0,0,0,0,0,0,0,0,0,0,0,0,0,0,0,0,0,0,0,0,0,0,0,0,0,0,0,0,0,0,0,0,0,0,0,0,0,0,0,0,0,0,0,0,0,0,0,0,0,0,0,0,0,0,0,0,0,0,0,0,0,0,0,0,0,0,0,0,0,0,0,0,0,0,0,0,0,0,0,0,dog
5,0,1,13,-3,-4,-6,11,-20,-63,12,-1,-23,-43,0,-26,30,-28,0,17,11,31,-15,12,2,22,25,-6,-7,14,-19,1,-26,-7,5,10,-3,7,0,-3,1,0,0,0,0,0,0,0,2,0,-1,0,0,0,-1,0,1,2,-1,1,0,0,-1,0,0,0,0,0,0,0,0,0,0,0,0,0,0,0,0,0,0,0,0,0,0,0,0,0,0,0,0,0,0,0,0,0,0,0,0,0,0,0,0,0,0,0,0,0,0,0,0,0,0,0,0,0,0,0,0,0,0,0,0,0,0,0,0,0,0,0,0,0,0,0,0,0,0,0,0,0,0,0,0,0,0,0,0,0,0,0,0,dog
-4,-3,0,0,1,-70,1,-2,0,0,14,-126,-75,-13,-26,-14,-46,14,-87,17,10,39,34,-19,-18,8,-6,-54,-40,-20,-7,2,8,-6,6,0,0,1,1,-2,0,-2,0,-2,-1,1,0,-4,-2,0,3,1,6,1,0,0,0,0,0,0,0,0,0,0,0,0,0,0,0,0,0,0,0,0,0,0,0,-2,0,1,-1,0,0,0,0,0,0,0,0,0,0,0,0,0,0,0,0,0,0,0,0,0,0,0,0,0,0,0,0,0,0,0,0,0,0,0,0,0,0,0,0,0,0,0,0,0,0,0,0,0,-1,0,0,0,0,0,0,0,0,0,0,0,0,0,0,0,0,0,0,0,0,dog
1,5,-19,-35,-3,0,0,0,0,0,0,0,2,0,1,1,0,0,0,0,0,0,0,0,0,0,0,0,0,0,0,0,0,0,0,0,0,0,0,0,0,0,0,0,0,0,0,0,0,0,0,0,0,0,0,0,0,0,0,0,0,0,0,0,0,0,0,0,0,0,0,0,0,0,0,0,0,0,0,0,0,0,0,0,0,0,0,0,0,0,0,0,0,0,0,0,0,0,0,0,0,0,0,0,0,0,0,0,0,0,0,0,0,0,0,0,0,0,0,0,0,0,0,0,0,0,0,0,0,0,0,0,0,0,0,0,0,0,0,0,0,0,0,0,0,0,0,0,0,0,0,dog
2,-1,0,-1,-3,22,-13,11,5,5,7,6,-65,96,-118,12,0,7,-24,1,10,-99,-59,-59,0,-2,-11,5,29,3,16,-10,10,-26,-1,-10,2,-8,-3,-5,17,0,8,2,3,0,-1,0,0,-2,-1,6,4,6,-5,-6,5,1,-2,-3,-6,-6,0,0,-1,0,1,-1,0,0,0,0,0,0,0,0,0,0,0,0,0,0,0,0,0,0,0,0,0,0,0,0,0,0,0,0,0,0,0,0,0,0,0,0,0,0,0,0,0,0,0,0,0,0,0,0,0,0,0,0,0,0,0,0,0,0,0,0,0,0,0,0,0,0,0,0,0,0,0,0,0,0,0,0,0,0,0,0,0,0,0,dog
-6,0,0,1,-6,-119,7,3,-64,351,-28,-126,10,1,-7,34,-70,-5,-44,40,14,-4,-11,4,-2,-9,27,17,-9,-13,5,-11,-2,2,0,2,-1,0,-1,1,0,-1,0,1,0,1,-1,0,0,1,0,-3,0,1,0,0,0,0,0,0,0,0,0,0,0,0,0,0,0,0,0,0,0,0,0,0,0,0,0,2,0,-2,0,0,0,0,0,0,0,0,0,0,0,0,0,0,0,0,0,0,0,0,0,0,0,0,0,0,0,0,0,0,0,0,0,0,0,0,0,0,0,0,0,0,0,0,0,0,0,0,0,0,0,0,0,0,0,0,0,0,0,0,0,0,0,0,0,0,0,0,0,dog
-6,2,-2,-2,-3,-1,0,0,4,-4,-28,22,-2,-10,-4,-7,11,-13,-19,50,1,24,-13,43,-28,27,-7,1,24,30,26,28,-36,0,-19,6,-1,1,6,8,4,-2,0,1,0,-1,2,-1,1,0,0,0,0,0,0,0,0,0,0,0,0,-1,0,0,0,0,0,0,-1,0,0,0,0,0,0,-1,0,0,0,0,-1,0,-1,-1,0,0,0,0,0,0,0,0,0,0,0,0,0,0,0,0,0,0,0,0,0,0,0,0,1,-1,0,0,0,0,-1,0,0,0,0,-1,0,0,1,0,0,0,0,0,0,0,0,0,0,0,0,0,0,0,0,0,0,0,0,0,0,0,0,0,0,0,0,dog
2,0,0,-9,-2,-2,16,-2,-25,-12,-97,54,39,-60,2,-38,63,-35,22,-3,4,1,-2,-15,-30,-2,8,0,-7,7,1,-4,0,-2,0,-2,-1,1,4,0,0,-5,-2,6,0,-4,1,0,3,-2,0,1,-1,0,0,0,0,0,0,0,0,0,0,0,0,0,0,0,0,1,0,0,0,0,0,0,0,0,0,0,1,0,1,0,0,0,0,0,0,0,0,0,0,0,0,0,0,0,0,0,0,0,0,0,0,0,0,0,-1,0,0,0,0,-1,-1,0,1,1,0,1,0,0,0,0,-2,0,0,0,0,0,-1,0,0,0,0,0,0,0,0,0,0,0,0,0,0,0,0,0,0,0,0,dog
2,0,0,7,10,-23,10,9,-6,-17,16,-69,-32,-31,27,-14,10,-8,-18,-11,-29,-8,28,-17,27,3,3,3,45,23,-1,63,-24,-2,-2,0,-1,-1,-1,1,-1,0,0,0,3,0,-1,0,-4,0,0,-1,2,1,4,-1,4,4,0,0,0,0,0,0,0,0,0,0,0,0,0,0,0,0,0,0,0,0,0,0,0,0,0,0,0,0,0,0,0,0,0,0,0,0,0,0,0,0,0,0,0,0,0,0,0,0,0,0,0,0,0,0,0,0,0,0,0,0,0,0,0,0,0,0,0,0,0,0,0,0,0,0,0,0,0,0,0,0,0,0,0,0,0,0,0,0,0,0,0,0,0,dog
5,0,0,-1,-1,4,-7,1,4,0,0,-21,-24,4,125,28,-3,3,-3,2,0,-11,8,-5,11,41,-3,39,11,4,0,-7,17,6,-9,-5,12,-24,-24,-3,-1,0,0,-1,-4,0,0,0,1,6,-1,-4,-2,0,-3,-1,0,-2,1,-1,6,0,-1,1,0,0,1,0,0,0,0,0,0,0,0,0,0,0,0,0,0,0,0,0,0,0,0,-1,0,0,0,0,0,0,0,0,0,0,0,0,0,0,0,0,0,0,0,0,0,0,0,0,0,0,0,0,0,0,0,0,0,0,0,0,0,0,0,0,0,0,0,0,0,0,0,0,0,0,0,0,0,0,0,0,0,0,0,0,0,0,0,dog
1,0,0,0,0,0,0,0,0,0,0,0,0,0,0,0,0,15,-31,-9,15,-8,-8,-29,13,40,-61,13,-29,36,19,-17,-7,-19,7,-19,-13,-21,-8,-14,4,7,-14,2,-2,12,-9,10,0,30,-1,-8,0,7,3,1,-3,10,-11,-20,21,9,2,2,10,24,-11,4,41,3,-10,-26,-39,-16,-10,-19,-9,4,29,-9,-21,2,10,13,-12,-1,-1,4,0,11,1,1,15,-15,-6,0,-2,-8,-9,-11,16,-7,4,2,-9,-6,-1,-3,-4,-3,0,-1,0,0,3,-4,0,0,0,1,2,-1,0,0,0,0,-1,0,0,0,1,0,0,0,0,2,1,0,0,0,0,1,-1,0,0,0,0,0,0,0,0,dog
-137,6,-196,-26,16,12,40,-103,81,-19,-23,2,28,23,-17,-67,-49,-17,-27,-7,22,-30,-43,30,5,12,-6,-5,-14,24,-10,-50,-21,-65,36,-14,-34,17,-21,-9,8,-5,27,2,2,-11,-4,4,-9,12,9,18,7,21,-1,-11,-14,8,-2,6,3,-7,0,-5,11,-14,-1,-5,8,-4,0,6,2,5,-5,4,5,3,-3,-3,1,0,0,0,0,0,0,0,-1,2,-3,2,-2,0,3,2,-3,3,-1,0,-1,2,-2,-4,-2,-1,2,3,-2,2,0,2,2,1,1,-2,2,-1,-2,-4,4,0,1,0,-1,0,-4,-1,-1,2,0,2,0,0,0,0,0,0,0,0,0,0,-1,0,0,1,0,0,0,0,0,dog
4,0,0,0,-1,3,17,9,8,10,3,33,-34,12,-131,-10,2,5,-24,27,14,3,50,19,33,0,17,-14,-10,2,10,-11,-3,6,-12,3,-5,1,-9,0,0,0,-1,7,0,-1,2,-1,-1,0,0,-1,-1,-1,7,-14,2,0,-3,-1,-4,-1,0,1,0,0,0,0,0,0,0,0,0,0,0,0,0,0,0,0,0,0,0,0,0,0,0,0,0,0,0,0,0,0,0,0,0,0,0,0,0,0,0,0,0,0,0,0,0,0,0,0,0,0,0,0,0,0,0,0,0,0,0,0,0,0,0,0,0,0,0,0,0,0,0,0,0,0,0,0,0,0,0,0,0,0,0,0,0,0,0,dog
4,-1,0,0,5,-5,2,-31,-44,3,8,-29,24,-160,-3,-15,15,9,36,15,65,0,-37,13,-17,21,-2,-16,-3,5,10,3,-13,-9,0,3,0,1,-5,-5,0,0,1,0,0,0,4,0,0,0,0,2,0,0,2,0,0,-1,0,0,0,0,0,0,0,0,0,0,0,0,0,0,0,0,0,0,0,0,0,0,0,0,0,0,0,0,0,0,0,0,0,0,0,0,0,0,0,0,0,0,0,0,0,0,0,0,0,0,0,0,0,0,0,0,0,0,0,0,0,0,0,0,0,0,0,0,0,0,0,0,0,0,0,0,0,0,0,0,0,0,0,0,0,0,0,0,0,0,0,0,0,dog
0,0,5,0,5,-3,-13,39,105,21,40,6,50,19,55,-62,11,-2,-39,-35,-49,20,17,-56,63,-9,-9,5,14,39,9,14,9,6,15,-3,-5,-2,2,-1,-2,3,1,-6,-5,-4,0,0,-3,-3,-2,0,-3,-4,0,0,-4,2,1,2,0,-1,0,0,0,0,0,0,0,0,0,0,0,0,0,0,0,0,0,0,0,0,0,0,-2,-1,0,0,0,-1,0,0,1,-3,0,0,0,0,0,-1,1,1,0,-1,0,0,0,0,0,0,0,0,0,0,0,-1,0,0,0,0,0,0,0,0,0,0,0,0,0,0,0,0,0,0,0,0,0,0,0,0,0,0,0,0,0,0,0,0,0,0,0,dog
-1,0,0,2,-10,-10,5,-6,-3,32,-62,47,8,-17,6,53,31,-9,-27,13,11,-46,0,-13,4,2,3,0,-19,10,-3,-2,0,5,-33,11,-3,-16,-20,9,8,-28,1,-2,-6,-3,-12,-1,0,-2,-8,2,1,6,2,-1,4,-5,-10,2,-4,2,1,-3,-1,0,2,-1,0,-1,0,0,0,0,0,0,0,0,0,0,0,0,0,0,0,0,0,0,-1,0,0,0,0,0,0,0,0,0,0,0,0,0,0,0,0,0,0,0,0,0,0,0,0,0,0,0,0,0,0,0,0,0,0,0,0,0,0,0,0,0,0,0,0,0,0,0,0,0,0,0,0,0,0,-2,0,0,1,0,0,1,0,dog
0,0,12,-2,5,3,1,27,21,-14,158,40,-38,-5,0,21,4,6,96,60,10,19,16,-3,-18,31,84,-20,13,96,-2,39,-64,64,-4,8,16,6,-5,9,2,0,1,6,0,0,0,0,4,3,0,3,-7,-1,-6,0,1,2,0,1,2,0,0,0,0,-1,0,-1,-2,1,-1,3,1,2,1,3,1,1,0,1,1,-3,0,2,-3,0,-1,0,0,-1,0,0,-3,0,-2,0,0,0,0,1,-2,-1,1,1,2,-1,2,-2,0,0,1,-1,0,0,0,0,0,0,0,0,0,0,1,0,0,0,0,0,0,0,-2,-1,0,0,0,0,0,1,0,-1,0,0,0,2,0,0,0,0,0,0,0,dog
0,-2,0,-8,-7,-1,-9,-20,-17,8,-60,3,2,6,8,16,-5,38,98,-44,-15,-58,-8,-9,-6,5,-1,6,6,3,0,-1,2,5,4,3,-14,-9,5,3,-1,2,-1,1,-2,-3,-2,1,1,0,0,0,0,0,0,0,0,-1,0,0,0,0,0,0,0,0,0,0,0,0,0,0,0,0,0,0,0,0,0,0,0,0,0,0,0,0,0,0,0,0,0,0,0,0,0,0,0,0,0,0,0,0,0,0,0,0,0,0,0,0,0,0,0,0,0,0,0,0,0,0,0,0,0,0,0,0,0,0,0,0,0,0,0,0,0,0,0,0,0,0,0,0,0,0,0,0,0,0,0,0,0,dog
0,0,0,0,3,-2,-2,1,0,-8,0,0,70,-10,-20,48,0,-4,-37,37,12,-21,-79,6,7,3,5,8,-19,10,-12,13,-43,0,4,4,4,-10,-1,-4,-10,0,4,-1,3,-2,-5,1,4,-7,-2,2,-2,-5,5,0,-2,0,5,0,1,0,-1,-1,1,0,0,2,0,-1,0,0,0,0,0,-1,0,0,0,0,0,0,0,0,0,0,0,0,0,0,0,0,-2,1,0,0,2,9,-1,-3,1,2,1,0,7,0,0,1,1,0,1,1,0,-4,-1,0,-1,1,0,0,0,0,0,0,0,0,0,0,0,0,0,0,0,0,0,0,0,0,0,0,0,0,0,0,0,0,0,0,0,0,0,dog
0,0,0,-1,4,-18,-37,-7,25,70,-565,-104,23,60,-249,-346,85,33,-4,3,-29,4,-22,6,-10,-29,-24,-49,56,-12,-11,-5,16,12,-7,-6,-11,-1,7,5,-1,3,-5,0,3,0,-2,-3,0,-1,0,0,0,0,0,0,0,1,0,0,0,0,0,0,0,0,0,0,0,1,0,0,0,0,0,0,0,0,0,0,0,0,0,0,-1,-1,0,1,0,0,0,-1,0,0,0,0,0,0,0,0,0,0,0,0,0,0,0,0,0,0,0,0,0,0,0,0,0,0,0,0,0,0,0,0,0,0,0,0,0,0,0,0,0,0,0,0,0,0,0,0,0,0,0,0,0,0,0,0,0,0,0,dog
-6,-1,0,-2,16,-7,18,17,-7,90,-20,196,138,8,-14,4,5,-10,23,-43,-4,35,-2,8,0,3,-7,13,-1,28,12,11,27,6,0,0,-5,0,-1,-1,-3,0,1,-2,-1,0,0,0,1,-3,-4,5,2,1,0,0,-1,1,0,0,0,0,0,0,0,0,0,0,0,0,0,0,0,0,0,0,0,0,0,0,0,1,0,0,0,0,0,0,0,0,0,0,0,0,0,0,0,0,0,0,0,0,0,0,0,0,0,0,0,0,0,0,0,0,0,0,0,0,0,0,0,0,0,0,0,0,0,0,0,0,0,0,0,0,0,0,0,0,0,0,0,0,0,0,0,0,0,0,0,0,0,dog
3,-6,1,9,9,9,-11,8,-7,2,2,-1,-2,-3,-4,9,-24,2,36,-28,20,-1,-15,4,6,-12,-15,-8,-10,16,-9,14,-19,16,2,-7,-9,0,13,0,3,-9,-1,-16,2,18,6,-1,-5,6,-13,-17,5,-5,-31,5,0,-9,-9,-4,4,10,15,2,6,-10,-23,3,-1,26,-13,5,5,-19,3,21,-11,-2,21,13,8,-35,-12,8,18,-9,-1,-18,-27,-9,-24,-3,11,1,-14,9,11,1,0,18,5,1,-30,17,20,12,2,16,-18,1,-15,13,9,7,20,15,3,-10,12,-15,7,4,15,1,14,-15,44,0,-22,39,11,20,-4,0,14,14,-12,2,-7,10,9,8,8,12,-12,-19,-9,-4,-6,-8,-6,dog
-15,1,2,-2,13,-62,-265,0,7,-10,-14,10,42,16,-11,10,1,29,1,6,3,-2,0,4,0,0,0,0,0,0,0,0,-1,0,0,0,0,0,0,1,0,-1,0,0,0,0,0,0,0,0,0,0,0,0,0,0,-1,1,0,-1,0,0,-2,0,1,0,0,0,0,0,0,0,0,0,0,0,0,0,0,0,0,0,0,0,0,0,0,0,0,0,0,0,0,0,0,0,0,0,0,0,0,0,0,0,0,0,0,0,0,0,0,0,0,0,0,0,0,0,0,0,0,0,0,0,0,0,0,0,0,0,0,0,0,0,0,0,0,0,0,0,0,0,0,0,0,0,0,0,0,0,0,dog
3,0,0,0,-30,-7,-6,8,1,-13,-6,-5,-14,-22,55,-3,4,-12,-3,3,18,-47,-18,-48,2,-61,0,7,-1,-3,-17,1,4,-8,-4,-5,-9,-8,12,8,1,-7,5,0,1,0,-1,1,0,-1,0,1,2,6,-2,2,8,-3,-9,2,1,5,0,0,0,0,-1,0,-1,0,0,0,0,0,0,0,0,0,0,0,0,0,0,0,0,0,0,0,0,0,0,0,0,0,0,0,0,0,0,0,0,0,0,0,0,0,0,0,0,0,0,0,0,0,0,0,0,0,0,0,0,0,0,0,0,0,0,0,0,0,0,0,0,0,0,0,0,0,0,1,0,0,0,0,-1,0,0,0,0,0,0,dog
-1,0,-2,-2,2,-6,5,-8,-50,91,-31,-269,164,5,-54,-117,21,-30,-9,32,27,-115,12,43,-76,-84,25,-80,-32,-2,-17,30,-65,5,11,-50,0,1,49,18,25,1,-39,-4,19,-25,-12,15,14,0,-4,1,3,-39,-4,-12,-6,2,-5,-7,-2,3,1,-1,0,0,2,0,0,0,0,2,-1,-3,0,-3,0,0,1,0,-2,2,-1,0,1,0,-2,0,0,1,1,0,0,0,2,-1,0,0,0,0,0,0,0,0,0,0,0,0,0,0,0,0,0,0,0,0,0,0,0,0,0,0,0,0,0,0,0,0,0,0,0,0,0,0,0,0,0,0,0,0,0,0,0,0,0,0,0,0,0,0,0,dog
43,0,18,-21,14,-4,4,-5,-1,-11,-14,86,-3,6,58,-15,-17,22,28,15,1,62,-235,-25,49,-179,-4,-17,-54,0,24,42,-5,-38,46,0,6,17,17,9,-25,15,-21,5,-6,4,2,-16,19,-16,-25,-10,2,-5,0,-7,-2,4,2,7,-11,0,2,-3,2,-10,14,4,-12,2,-1,-8,1,-1,-1,-7,1,1,-7,2,-2,4,-2,1,-3,5,0,-1,5,0,2,4,-2,-5,5,-2,6,0,0,0,1,4,-1,0,0,1,0,2,0,1,0,0,-2,-4,-4,0,2,0,2,0,1,-3,0,0,0,0,-2,0,0,0,0,3,0,1,2,-1,-1,0,-3,1,2,2,0,-1,1,0,-2,0,0,1,-1,dog
1,-1,0,-5,0,-25,5,-9,-30,-23,175,18,-79,-71,-9,-30,44,25,-71,37,-52,19,46,-20,-20,18,9,12,7,-4,6,1,-37,7,9,3,7,-8,-5,10,2,-1,3,0,0,0,0,-2,1,0,2,-2,0,6,1,8,0,1,0,0,0,0,0,0,0,0,0,0,0,0,0,0,0,0,0,0,0,0,0,0,0,0,0,0,0,0,0,0,0,0,0,0,0,0,0,0,0,0,0,0,0,0,0,0,0,0,0,0,0,0,0,0,0,0,0,0,0,0,0,0,0,0,0,0,0,0,0,0,0,0,0,0,0,0,0,0,0,0,0,0,0,0,1,0,0,0,0,0,0,0,0,dog
-70,-13,-14,-6,-2,14,-8,-21,82,231,-183,10,-3,5,-12,-10,-3,10,-3,-3,-61,-15,49,-116,6,14,-5,-19,-1,9,0,-26,-28,25,35,41,-8,7,2,-2,2,-14,-1,-5,-37,-79,-18,7,0,-7,0,1,-3,0,2,5,-3,-1,-4,-4,0,-1,0,0,0,0,0,-2,1,0,2,2,0,0,0,-1,0,0,-1,-2,-2,-1,-5,0,1,0,0,-3,1,-2,-1,0,0,0,0,0,0,0,0,1,0,0,0,-1,0,0,0,0,1,0,0,0,0,0,0,-2,1,1,0,-2,0,0,-1,-4,1,2,0,-2,0,-2,0,1,2,1,0,0,-1,0,-1,0,0,0,0,0,0,0,0,0,0,0,0,dog
6,-2,-1,0,5,-10,14,14,33,25,-132,-17,-16,-30,-24,-8,16,-30,-28,52,-15,-15,11,-22,-6,-9,-8,0,-19,-21,-24,30,14,-10,6,3,0,2,0,1,0,0,0,0,0,0,0,-1,0,0,-1,-2,-2,-1,0,0,0,0,0,0,-1,-1,1,0,0,0,0,0,0,0,0,0,0,0,0,0,0,0,0,0,0,0,0,0,0,0,0,0,0,0,0,0,0,0,0,0,0,0,0,0,0,0,0,0,0,0,0,1,0,0,0,0,0,0,0,1,0,0,0,0,0,0,0,0,0,0,0,0,0,0,0,0,0,0,0,0,0,0,0,0,0,0,1,0,0,0,0,0,0,0,0,dog
0,0,0,1,-2,8,-20,4,-7,11,0,32,-12,39,51,38,-16,-6,1,10,3,-11,10,-2,-2,27,0,-15,10,-59,0,-8,-1,-1,-6,-1,-3,2,24,13,41,-12,-21,-4,6,-6,1,-4,-1,0,2,-3,1,0,2,0,4,1,-1,0,3,0,-3,7,0,0,0,2,0,0,0,0,0,0,0,0,0,0,0,0,0,0,0,0,0,0,0,0,0,0,0,0,0,0,0,0,0,0,0,0,0,0,0,0,0,0,0,0,0,0,0,0,0,0,0,0,0,0,0,0,0,0,0,0,0,0,0,0,0,0,0,0,0,0,0,0,0,0,0,-1,0,0,0,0,0,-1,0,0,0,0,0,dog
0,0,0,3,1,-14,-3,-20,3,-9,36,43,-111,-143,-18,60,-16,-3,42,18,11,-38,-16,104,-63,-2,-4,-54,5,6,-25,-8,77,0,34,-4,20,26,-1,-32,-34,-8,-8,11,0,-1,4,-10,-8,-7,-5,-8,15,11,5,-4,-7,-8,-10,-12,-7,-4,3,4,3,-1,2,1,-15,-3,5,-9,3,-3,0,1,2,0,0,0,0,-1,-2,1,-2,0,1,3,0,0,0,-1,0,1,1,1,0,0,0,3,-1,-4,1,2,-1,0,0,0,-1,0,-1,0,0,0,0,0,0,0,0,0,0,0,0,0,0,0,0,0,0,1,0,0,0,0,0,0,0,0,0,0,0,0,0,0,0,1,0,0,0,0,0,dog
-9,0,0,-13,10,-99,0,-2,-36,106,288,-73,33,-7,-18,-70,-38,-8,3,9,-23,33,44,0,-12,74,2,-12,15,-9,13,-21,0,-4,16,0,6,1,0,0,1,1,0,2,1,0,-3,-1,-1,0,1,0,0,-1,-4,-5,3,0,6,-6,1,0,0,0,0,0,0,0,0,0,0,0,0,0,0,0,0,0,0,0,-2,0,0,-2,0,0,0,0,0,0,0,0,0,0,0,0,0,0,0,0,0,0,0,0,0,0,0,0,0,0,0,0,0,0,-1,0,0,0,0,0,0,0,0,0,0,0,0,0,0,0,0,0,0,0,0,0,0,0,0,0,0,0,0,0,0,0,0,0,0,0,0,dog
12,-1,0,0,-17,-41,-60,-16,-38,-20,13,-16,-165,49,-16,-69,25,-16,-11,27,-10,12,-26,29,-9,-4,-8,-5,-14,-54,1,-17,16,5,24,0,1,-2,2,-1,0,0,1,0,0,-1,0,-1,0,2,7,0,-1,-3,-2,2,1,1,0,0,0,2,-1,0,0,0,0,0,0,0,0,0,0,0,0,0,0,0,0,0,0,0,0,0,0,0,0,0,0,0,0,0,0,0,0,0,0,0,0,0,0,0,0,0,0,0,0,0,0,0,0,0,0,0,0,0,0,0,0,0,0,0,0,0,0,0,0,0,0,0,0,0,0,0,0,0,0,0,0,0,0,-1,0,1,0,0,0,0,0,0,0,dog
0,1,-3,1,4,-8,4,-13,-14,-125,-68,100,100,8,-2,-6,52,-23,87,-86,-37,0,57,-24,-3,15,-11,-10,19,-14,25,-19,42,21,-21,31,4,20,-6,20,20,-18,1,2,-4,-5,-1,3,3,0,0,-2,-1,-1,-3,0,1,-1,0,0,0,0,-3,1,1,0,1,0,1,0,-1,0,0,0,0,0,0,0,0,-1,0,1,1,0,0,0,1,0,-2,1,-1,-1,0,1,0,1,2,0,1,0,-1,-1,0,0,-1,-1,0,0,2,1,0,1,0,0,0,-1,-1,0,-1,0,0,0,0,0,1,0,0,-1,0,0,0,0,0,0,0,0,0,0,0,0,0,0,0,0,0,1,0,0,0,0,0,dog
1,0,1,0,0,-1,2,-2,7,-25,28,3,-2,0,-33,-36,6,-29,-63,-36,62,3,-11,7,1,46,18,-4,-2,14,20,47,4,-16,-12,-7,22,-12,35,0,-14,-3,-3,35,10,-14,7,-1,-14,10,3,11,2,7,5,-1,-3,-3,4,-4,-8,1,2,-3,6,-1,3,6,1,1,4,0,1,1,-1,1,0,0,0,-1,0,0,1,0,1,-1,0,1,0,0,0,0,0,0,0,0,0,0,0,0,0,0,0,0,0,0,0,0,0,0,0,0,0,0,0,0,0,0,-1,0,0,0,0,0,0,0,0,-1,0,0,0,0,0,0,0,0,0,0,0,0,0,0,0,0,0,0,0,0,0,0,0,dog
0,0,0,0,-2,3,-3,7,-29,-7,-9,-9,1,-57,17,-24,18,-30,-3,10,0,1,-8,-1,0,0,-4,-1,-12,-13,0,2,0,-6,-4,0,-1,2,0,0,2,0,-2,1,-8,0,0,0,0,0,0,0,0,0,1,0,-2,1,-1,0,0,0,0,0,0,0,0,0,0,0,0,0,1,0,0,0,0,0,0,0,0,0,0,0,0,0,0,0,0,0,0,0,0,0,0,0,0,0,0,0,0,0,0,0,0,0,0,0,0,0,0,0,0,0,0,0,0,0,0,0,0,0,0,0,0,0,0,0,0,0,0,0,0,0,0,0,0,0,0,0,0,0,0,0,0,0,0,0,0,0,0,dog
0,-2,0,0,2,-4,7,15,-5,8,-75,33,-84,-3,13,-8,-78,-43,14,-17,-31,-23,-48,-14,12,-20,37,9,23,22,10,5,2,-13,-4,-11,12,-6,-2,3,-1,0,-1,-2,1,6,3,1,0,1,0,-2,0,4,0,1,2,0,0,1,0,0,0,0,0,0,0,1,0,0,0,0,0,0,0,0,0,0,0,0,0,0,0,0,0,0,0,0,0,0,0,0,-1,0,1,1,-2,0,-1,0,0,0,0,0,0,0,0,0,0,0,0,0,0,0,0,0,0,0,1,0,0,0,0,0,0,0,0,0,0,0,0,0,0,0,0,0,0,0,0,0,0,0,0,0,0,0,0,0,0,0,0,dog
-81,14,86,26,144,29,36,15,79,-114,-30,24,-23,-141,-84,183,-147,26,73,-87,-62,45,52,-41,51,0,-74,87,24,9,-14,59,35,26,-29,59,-57,-32,-68,-16,-37,-23,-29,39,-2,44,-45,41,-22,-13,-29,26,-40,-30,47,6,3,-13,-8,-47,-18,2,-48,-14,-23,-11,8,0,0,-17,46,10,-23,-2,1,0,4,3,21,-7,5,-14,-15,11,18,-19,-16,-3,-11,8,-9,-3,-4,-2,3,1,-1,-2,11,2,-6,-22,11,-3,1,12,5,7,-3,20,2,0,-2,19,-1,-4,-3,-5,4,-21,32,11,26,6,12,-5,-10,0,6,-1,8,-5,-11,-14,-6,14,0,9,-1,2,5,-18,17,7,17,-3,-5,-13,-5,4,-10,dog
6,0,0,0,1,-5,34,-33,9,-9,-219,125,26,-8,119,-60,16,-19,1,9,0,-3,-2,-1,19,5,0,-5,11,30,21,6,9,-23,32,11,-15,-2,-1,0,0,0,2,0,-1,0,0,0,0,-3,-1,-3,4,0,2,0,-2,0,0,0,0,0,0,0,0,0,0,0,0,0,0,0,0,0,0,0,0,0,0,0,0,1,0,1,0,0,0,0,0,0,0,0,0,0,0,0,0,0,0,0,0,0,0,0,0,0,0,0,0,0,0,0,0,0,0,0,0,0,0,0,0,0,0,0,0,0,0,0,0,0,0,0,0,0,0,0,0,0,0,0,0,0,0,0,0,0,0,0,0,0,0,dog
23,5,0,1,0,0,1,-1,42,-92,38,39,11,1,-14,25,-2,-11,-65,-9,79,5,-2,-12,-11,2,-10,4,1,-12,-6,7,-9,16,-20,3,-2,-5,-11,5,-2,-2,-2,0,1,3,-4,-4,0,-10,-1,2,8,0,-6,0,2,-3,0,0,0,0,0,1,0,0,0,0,0,0,0,3,0,0,0,1,0,0,0,0,1,0,0,0,0,0,0,0,0,0,0,0,0,0,0,0,0,0,0,0,0,0,0,0,0,0,0,0,0,0,0,0,0,0,0,0,0,0,0,0,0,0,0,0,0,0,0,0,0,-1,0,0,0,0,0,0,0,0,0,0,0,0,0,0,0,0,0,0,0,0,0,dog
8,0,0,1,0,-6,10,4,1,-7,-26,1,-15,-15,-9,0,17,-10,7,0,9,-22,-11,13,-1,9,23,-10,7,18,5,-3,-1,9,15,-2,26,-4,2,-1,1,0,-2,-4,6,0,1,-1,0,0,-1,0,-1,-1,0,0,-6,0,8,1,1,2,0,0,0,2,0,-1,0,0,-1,0,0,0,0,0,0,0,0,0,0,0,0,0,0,0,0,0,0,0,0,0,0,0,0,0,0,0,0,0,0,0,0,0,0,0,0,0,0,0,0,0,0,0,0,0,0,0,0,0,0,0,0,0,0,0,0,0,0,0,0,0,0,0,0,0,0,0,0,0,0,0,0,0,0,0,0,0,0,0,0,dog
6,0,0,-2,-1,-3,23,12,-13,-20,-14,168,-77,67,-104,50,-1,-3,20,-43,-1,23,0,-8,-9,38,5,54,-48,-9,-9,-18,21,-11,-54,-66,-34,19,-4,-15,-10,-17,3,-9,5,5,-5,-4,0,-3,-2,1,-4,-1,-5,0,1,6,2,-6,5,5,6,-1,2,0,2,0,0,0,0,0,0,0,0,0,0,0,0,0,0,0,0,0,-1,0,1,0,-1,0,0,0,0,0,0,0,0,0,0,0,0,0,0,0,0,0,0,0,0,0,0,0,0,0,0,0,0,0,0,0,0,0,0,0,0,0,0,0,0,0,0,0,0,0,0,0,0,0,0,0,1,0,0,0,0,0,0,0,0,0,0,dog
-28,1,0,2,-1,3,-212,-121,2,-6,-8,339,-111,-158,-34,-64,-8,-131,-26,190,129,-51,16,-13,-13,40,-8,-10,-134,-12,13,22,74,14,22,5,4,1,-11,0,0,0,-1,-5,1,-4,4,-5,2,4,16,-11,4,-2,1,4,1,2,3,-2,1,-6,0,0,0,0,0,0,-2,-2,-1,-1,0,-1,-1,-2,0,3,1,0,-1,-2,-2,0,0,0,0,0,0,0,0,0,0,0,0,0,0,0,0,0,0,0,0,0,0,0,0,0,0,0,0,0,0,0,0,0,0,0,0,0,0,0,0,0,0,0,0,0,0,0,0,0,0,0,0,0,0,0,0,0,0,0,0,0,1,0,-1,0,0,0,0,dog
7,1,0,2,17,-97,15,-4,-15,-24,161,-29,-19,56,20,-21,-53,-33,-11,45,-21,-1,-60,-2,-9,2,-37,-71,13,-24,4,24,0,-9,3,-8,-1,0,-1,0,4,0,0,0,5,0,0,-1,-1,0,0,3,-6,0,-3,0,0,0,-1,0,0,0,0,0,0,0,0,0,0,0,0,0,0,0,0,0,1,0,0,0,-1,0,-1,0,0,0,0,0,0,0,0,0,0,0,0,0,0,0,0,0,0,0,0,0,0,0,0,0,0,0,0,0,0,0,0,0,0,0,0,0,0,0,0,0,0,0,0,0,0,0,0,0,0,0,0,0,0,0,0,0,0,0,0,0,0,0,0,0,0,0,0,dog
-9,0,0,0,12,-69,21,27,-7,-118,-63,83,15,27,-29,19,-2,-11,9,7,-43,-93,-35,-64,-69,40,6,11,22,36,-43,-47,-6,-23,6,9,-2,0,-4,0,0,-1,1,0,1,0,0,0,1,-4,4,-2,0,-5,-1,-1,-2,-1,0,0,0,0,0,0,0,0,0,0,0,0,0,0,0,0,0,0,0,0,0,0,0,0,0,0,0,0,0,0,0,0,0,0,0,0,0,0,0,0,0,0,0,0,0,0,0,0,0,0,0,0,0,0,0,0,0,0,0,0,0,0,0,0,0,0,0,0,0,0,0,0,0,0,0,0,0,0,0,0,0,0,0,0,0,0,0,0,0,0,0,0,0,dog
0,0,0,2,0,-5,-22,12,1,8,1,-59,-56,-72,-16,-10,2,-7,17,-55,15,-7,-20,-11,-34,-17,6,8,-12,11,9,-3,60,-7,-14,-8,2,-12,0,-4,-2,1,-2,0,3,-2,0,-4,1,-3,2,9,1,4,1,1,3,3,1,1,2,0,0,0,0,0,0,0,0,0,0,0,0,0,0,0,0,0,0,0,0,0,0,0,0,0,0,0,0,0,0,0,0,0,0,0,0,0,0,0,0,0,0,0,0,0,0,0,0,0,0,0,0,0,0,0,0,0,0,0,0,0,0,0,0,0,0,0,0,0,0,0,0,0,0,0,0,0,0,0,0,0,0,0,0,0,0,0,-1,1,0,dog
0,2,12,-6,2,32,-37,-29,-7,-13,-8,-78,-35,-1,-4,-6,-5,-6,-6,0,2,6,-3,-8,-7,6,-14,0,0,0,2,-1,0,0,-1,0,1,-1,1,1,0,0,0,0,0,0,0,0,0,0,0,0,0,0,0,1,-1,0,0,-2,3,-1,0,0,0,0,0,1,0,0,0,0,1,0,0,-1,-2,0,-3,0,0,0,0,0,0,0,0,0,0,0,0,0,0,0,0,0,0,0,0,0,0,0,0,0,0,0,1,1,0,1,-2,0,0,0,0,0,0,0,0,0,0,0,0,0,0,0,1,0,0,0,0,0,0,0,0,0,0,0,0,0,0,0,0,0,0,0,0,0,0,0,0,dog
0,0,0,0,2,1,56,6,3,-6,-3,-20,-60,11,18,9,4,48,4,16,2,0,-23,-1,-5,9,6,-7,6,23,-6,19,9,-6,1,6,3,4,-4,6,4,0,0,-1,0,1,0,0,0,2,-2,0,0,-3,0,-4,-1,5,0,0,2,0,0,0,0,0,0,0,0,0,1,0,0,0,0,0,0,0,0,0,0,0,0,0,0,0,0,0,0,0,0,0,0,0,0,0,0,0,0,0,0,0,0,0,0,0,0,0,0,0,0,0,0,0,0,0,0,0,0,0,0,0,0,0,0,0,0,0,0,0,0,0,0,0,0,0,0,0,0,0,0,0,0,0,0,0,0,0,0,0,0,dog
0,0,5,-9,-27,28,-3,-76,-7,-38,-26,-130,-63,23,0,26,-13,10,55,12,-23,11,-54,8,-5,14,17,49,-11,-58,-6,13,21,21,37,-3,-17,153,-18,19,-58,-131,11,12,-47,-7,-37,-6,0,-8,-6,18,19,-11,11,17,-2,-6,4,18,11,-5,9,0,10,0,2,-8,0,2,1,0,0,4,1,0,0,-4,5,-4,0,-1,-3,4,5,2,-1,-2,2,0,0,-1,1,0,1,0,0,0,-1,1,-1,1,2,0,1,2,0,1,0,-1,1,-1,-1,0,-6,0,1,1,7,-2,-6,-1,-1,-1,-5,3,0,-1,-2,2,3,-4,-1,-2,0,4,0,2,0,-4,3,-2,-4,6,-4,0,4,-2,-1,-1,0,dog
0,0,0,-6,2,10,0,-63,16,165,44,-118,-102,-40,77,-46,23,-3,-32,-3,-15,17,66,-46,30,47,41,7,12,-23,26,-15,-20,18,14,-1,2,-5,0,0,0,0,-1,0,0,1,-2,-3,0,0,-1,0,1,0,0,0,-5,0,2,3,2,0,0,0,0,0,0,0,0,0,0,-1,0,0,0,-1,0,0,0,1,0,0,0,-1,0,-2,0,0,0,0,1,1,0,-1,1,0,0,0,0,1,0,-1,0,-1,0,0,1,0,0,0,0,1,0,0,0,0,0,0,0,0,-1,0,0,0,0,0,0,0,0,0,0,0,0,0,0,0,0,0,0,0,0,0,0,0,0,0,0,0,0,0,0,dog
1,1,0,8,2,-2,1,-31,145,-120,406,48,-221,-178,-122,-348,456,83,80,-24,18,-47,58,-37,81,19,82,93,-76,116,0,26,15,20,-25,0,-41,9,23,-15,5,15,19,4,15,19,7,-5,-5,-20,7,-12,8,-9,2,-11,-5,-2,-3,-1,0,-1,0,6,1,0,0,0,1,-2,5,2,2,1,-2,-1,2,-2,0,-1,-1,0,-1,-1,1,0,0,0,0,0,-1,1,0,1,1,0,0,-1,0,1,0,0,0,0,0,0,0,0,0,0,0,0,0,0,0,0,0,0,0,0,0,0,0,0,0,0,0,0,0,0,0,0,0,0,0,0,0,0,0,0,0,0,0,0,0,0,0,0,0,0,0,dog
-3,3,-7,1,1,-2,20,0,-4,254,217,122,7,0,-29,68,12,-39,94,-69,93,-2,7,-10,-10,-23,17,16,20,0,3,-14,26,-36,5,4,9,20,-5,-11,-8,-2,4,-5,-2,14,-10,-12,8,0,7,4,6,0,1,0,-6,-1,0,-1,1,-1,1,-1,0,1,1,2,2,2,0,-1,1,0,0,5,4,3,0,0,0,-1,0,0,1,0,0,1,0,0,1,0,0,0,-2,0,0,0,-1,0,0,0,0,0,0,1,0,-1,0,0,1,0,0,0,0,0,0,0,0,0,0,0,1,0,1,-1,0,-1,1,0,0,1,0,0,0,0,0,0,0,1,0,0,0,1,0,0,0,1,1,1,0,dog
-9,3,-30,21,-34,55,-39,4,-33,-11,15,21,16,-16,9,23,0,-1,27,1,7,4,-9,11,4,0,-2,-8,-2,-2,-1,0,1,2,0,-2,0,0,0,3,3,0,0,3,1,0,0,-2,-1,-2,0,1,-1,3,3,1,4,0,0,0,0,-1,0,0,1,0,0,0,-2,0,0,0,0,1,0,0,0,-2,0,-1,0,-1,0,1,0,1,1,0,0,1,2,0,0,0,0,0,1,0,0,0,0,-1,0,0,0,0,0,-1,-1,1,0,-1,0,0,0,0,0,2,1,0,-1,2,0,-1,0,-1,-1,1,0,0,-1,0,1,1,0,0,1,0,0,0,-1,0,0,0,0,0,0,0,0,0,0,dog
-5,0,0,0,2,-140,-12,2,-71,-52,-484,-71,-2,-4,29,-36,-37,159,-4,44,30,-128,6,-14,41,51,-68,45,-5,-5,7,-7,1,0,-3,0,0,-8,0,0,0,0,-3,0,0,0,0,0,-1,-2,5,-2,0,0,0,0,0,0,0,0,0,0,0,0,0,0,0,0,0,0,0,0,0,0,0,0,0,0,0,-2,0,-1,0,0,0,0,0,0,0,0,0,0,0,0,0,0,0,0,0,0,0,0,0,0,0,0,0,0,0,0,0,0,0,0,0,0,0,0,0,0,0,0,0,0,0,0,0,0,0,0,0,0,0,0,0,0,0,0,0,0,0,0,0,0,0,0,0,0,0,0,0,dog
